00353312ff57dfd0733541434ddb3ab0,Truth,أعلنت اللجنة العليا للمشاريع والإرث، عن خطتها لاستكمال بناء ملاعب التدريب المخصصة للفرق المشاركة في نهائيات بطولة كأس العالم لكرة القدم قطر 2022 في نهاية العام المقبل 2019.
006027f9c6b234ad20d8585f49908b34,Truth,"قطر : لا يحق للسعودية التدخل بصفقة ""أس400"""
00913c11af3e48a48fa200bae30da494,Lie,وثيقة أمريكية.. تميم يشتري دعم صهاينة الولايات المتحدة لمونديال 2022
012de40699ecefab950086a645074bc7,Truth,تشهد منطقة الخليج أسوأ أزمة في تاريخها، عندما قطعت كل من السعودية والإمارات والبحرين ومصر علاقاتها مع قطر يوم 5 يونيو/حزيران 2017، وفرضت عليها حصارا بدعوى دعمها الإرهاب، في حين تنفي الدوحة تلك المزاعم وتتهم الرباعي العربي بالسعي لفرض الوصاية على قرارها الوطني.
013e2d3b26ce0ff1a0243bc73c97d85a,Truth,أمير قطر يتسلم رسميا استضافة كأس العالم قطر 2022 ويجتمع مع الرئيس الروسي غدا
017d3ced07ae2bf3b176e1ad95d7a118,Lie,وثائق جديدة تثبت دفع قطر رشاوى مقابل تنظيم مونديال 2022
01d5d5e0dcd5a0903dcc6b71199c127e,Truth,قامت السعودية بالترويج لمشروع زيادة عدد المنتخبات المشاركة في مونديال 2022 من 32 إلى 48 منتخبا، لإثراء البطولة القادمة
01eb2cedc3c5971cef08b8570a4971ef,Lie,"أن حمد بن جاسم، وراء التحركات المريبة فى الفترة الأخيرة لتغيير الأمير الحالى وجلب أمير أخر للحكم فى محاولة لحل الأزمة المتفاقمة مع ""الرباعى العربى"" التى أدت لانهيار سمعة قطر داخليا وخارجيا وأثرت على اقتصادها بشكل ملحوظ."
02d66bdc94849e71cdcf3027bdf26f7e,Truth,مجلس قطر فرصة لتعريف العالم بأجواء مونديال 2022
03458341359d46d10d8961881c6f2a7a,Lie,صحيفة بريطانية: الجماهير ستعاني في كأس العالم 2022 بسبب صغر مساحة قطر
0387875bad043fb7d04bf1732bbcfa72,Lie,بعد مرور 8 سنوات على التصويت الذي أدى إلى اختيار قطر لتنظيم كأس العالم 2022، قد تذهب أحلام الدوحة أدراج الرياح بعد ظهور أدلة فساد جديدة لدى منظمة النزاهة الرياضية.
0387875bad043fb7d04bf1732bbcfa72,Lie,بعد مرور 8 سنوات على التصويت الذي أدى إلى اختيار قطر لتنظيم كأس العالم 2022، قد تذهب أحلام الدوحة أدراج الرياح بعد ظهور أدلة فساد جديدة لدى منظمة النزاهة الرياضية.
049f992cb460c79583310edd07d8ea4a,Lie,إقامتها فى إمارة تأوى التنظيمات الإرهابية وتقدم لها الدعم المادى والتسليح
04aa6e7a27af47b1b19ee742b907c49e,Lie,كشفت وثيقة أمريكية فضيحة قطرية جديدة، تظهر مساعى دولة قطر لتأمين دعم اللوبى الإسرائيلى فى الولايات المتحدة الأمريكية.
04b84f34cc7fc62e90e3eb15c7ae5f83,Truth,بالأدلة.. ضاحي خلفان يعترف: افتعلنا الأزمة مع قطر لسحب المونديال
04b84f34cc7fc62e90e3eb15c7ae5f83,Truth,بالأدلة.. ضاحي خلفان يعترف: افتعلنا الأزمة مع قطر لسحب المونديال
04fbaf0a024670c2ae1b07f04cd2a69f,Truth,أوضح الذوادي أن قدرة الرياضة على جمع الشعوب رغم اختلافاتها هي أحد الحوافز الأساسية التي دفعت دولة قطر لاستضافة بطولة كأس العالم لكرة القدم 2022
054a4833f97c52e9dbceb00eb3e6f899,Truth,أمين عام الفيفا تصدم حلف الفجار: شاهدت ما سيكون عليه مونديال قطر 2022 ولا أستطيع الانتظار
05c6dedd72a58f4c317e042c5916320c,Lie,الدول الأربع تؤكد: الدوحة مستمرة فى انتهاك الحقوق السيادية وتدعم التطرف
065bf8048362ee6ff27dfc0e95c0c63f,Truth,الفيفا يصفع السعودية: زيادة فرق مونديال 2022 ترتبط بموافقة قطر
081ba22e0d18dc0495da684a5ea6d7dc,Truth,تخطط الحكومة القطرية واللجنة المنظمة لكأس العالم 2022 إلى السماح بتناول الخمر في الدولة خلال احتضان فعاليات البطولة العالمية بكرة القدم.
081d1ad83951c3cf22de93ac0c6cda6b,Lie,وأشارت الصحيفة، فى تقرير على موقعها الإلكترونى، السبت، إلى أن هناك الكثير من الأحاديث بشأن الإقامة فى دبى أو أبو ظبى، فى دولة الإمارات، والانتقال بالطيران للعب فى قطر التى تبعد 200 ميل.
081d1ad83951c3cf22de93ac0c6cda6b,Lie,وأشارت الصحيفة، فى تقرير على موقعها الإلكترونى، السبت، إلى أن هناك الكثير من الأحاديث بشأن الإقامة فى دبى أو أبو ظبى، فى دولة الإمارات، والانتقال بالطيران للعب فى قطر التى تبعد 200 ميل.
08bfe4631e2e858beabe583c1ec33ac1,Truth,أعلنت قطر عن إطلاق سلسلة من الفعاليات والأنشطة، بالعاصمة الروسية موسكو، للترويج للمونديال كأس العالم 2022 الذي من المنتظر أن تستضيفه في الدوحة.
094bca3b14445e5a6fb6449ab0aae6d8,Lie,الأرجنتين تدق مسماراً جديداً فى نعش مونديال ٢٠٢٢
0a16a13b83cf954c5dfcbe9fed675415,Lie,اخر الاخبار الإندبندنت: قطر لا يمكنها توفير إقامة لمشجعى ولاعبى كأس العالم 2022
0a89713c6f6c86da01b0d6fdf167df44,Truth,كريم بنزيمة: استضافة قطر لمونديال 2022 فخر للعرب
0a8cecca0995ee46f70c420ce6ea69b1,Truth,"وأكد النائب العام القطري أن دول المقاطعة ""طلبت التخلي عن تنظيم كأس العالم لرفع الحصار المفروض ضد قطر""، على حد قوله."
0a8d2bbe0e75484fb2b7ad0c0417151d,Lie,ذكرت مجلة «إيكونوميست» البريطانية، إن إيران بدأت مع قطر محادثات مبكرة بشأن المشاركة في تحمل بعض مسؤوليات استضافة قطر لمونديال كأس العالم 2022.
0c0b05eebe1e476fa9ce6a8e3858f2ea,Truth,قال السويسري جياني إنفانتينو رئيس الاتحاد الدولي لكرة القدم (فيفا)، إنه لم يتم حسم أمر مشاركة 48 منتخبا في بطولة كأس العالم التي ستقام في قطر عام 2022.
0c30d01a76d949dc14511ff949ee66cd,Lie,لجوء قطر إلى الشركات الإسرائيلية جزءًا من حملة مضادة تقوم بها الدوحة لضمان عدم سحب التنظيم منها، في ظل سعي منظمات حقوقية وأطراف مؤثرة داخل الفيفا لنقل البطولة إلى بلد آخر.
0cd754a51ebf88b7765c0483809dc776,Truth,كان مجلس منظمة الإيكاو قد أصدر قرارا يمنح قطر الفرصة للاستماع لمطالبها في محكمة العدل الدولية بشأن إجراءات دول الحصار.
0cfe5abf3791a3a7ac856b32027e6bb3,Lie,«الجزيرة» توافق على العرض الإسرائيلى «البخس» لأسباب يعرفها «آل تميم»!
0d8e10b5c0aa534668e3972fa2456439,Truth,"مجموعة ""بي إن"" الإعلامية، طالبت السلطات السعودية بوقف بث قناة ""beoutQ""، التي تبث مباريات رياضية بصورة غير مرخصة، ووصفتها بـ""القرصنة""."
0e0e6ac4f6dc2a0ba1dd84d2f1f8f0ca,Lie,"""قطر الملف الأسود"": ألمانيا تطالب بسحب تتظيم المونديال من إمارة الإرهاب"
0f2a390ea89075cf2c361ab80e4d1a0f,Lie,بعد انكشاف دعم قطر الممنهج للإرهاب والفكر المتطرف، أصبحت كل هذه الاتهامات مصدر قلق كبير على المونديال
0f4ba709e1172e2dc0e925ee321ba751,Lie,"أشارت صحيفة ""تيليجراف"" البريطانية إلى استعداد الشركات الغربية المسؤولة عن بناء الملاعب الخاصة بتنظيم قطر لمونديال 2022 لوضع خطة طوارئ لمغادرة قطر بسبب المشاكل الدبلوماسية التي تعاني منها مع دول الجوار في الخليج العربي."
1058200b57de28453ae9190fc4761136,Truth,"فيفا على دراية بأن قناة مقرصنة تحمل اسم ""BeoutQ"" قامت وبشكل غير قانوني ببث المباريات الأولى من كأس العالم روسيا 2018 في منطقة الشرق الأوسط وشمال أفريقيا"
112995915ee7b466dbce5cbcae510606,Lie,نحن شركة كوبية-كولومبية تلتزم بقوانين الدولتين في النقل والبث وتجارب الاحتكار الجائر وتؤمن بحق الشعوب بالاستمتاع بمشاهدة الفعاليات الرياضية مهما كانت حالتهم المادية”.
11337b4131498f407f6511689e418d47,Truth,قطر: استعداداتنا لمونديال 2022 تسير وفق الخطة وجاهزون أمنيًا
119720082bec052ce52f373140715e74,Truth,“الفيفا” يوجه صفعة قوية لتركي آل الشيخ: كأس العالم 2022 لن يسحب من قطر
11b9c979acc2300ba5281d85bbd7c7d0,Truth,لم يستبعد رئيس الاتحاد الألماني لكرة القدم راينهارد جريندل من الناحية المبدئية مقاطعة كأس العالم 2022 في قطر وذلك بعد التطورات الأخيرة على الساحة الدولية.
11cc988d4b003f44558d83d65de5617e,Truth,قد تجاوب القطاع الخاص مع الجهود التي بذلتها غرفة قطر منذ اليوم الأول للحصار في توفير كافة البضائع والمواد للسوق المحلي، واستيراد بدائل لسلع دول الحصار، مما منع حدوث أي نقص أو خلل في السوق.
128533d889ecb5c2a907a9e2ee60ad48,Lie,"كشف جيانى إنفانتينو، رئيس الاتحاد الدولى لكرة القدم ""فيفا""، عن تلقي الاتحاد طلبات من مصر والإمارات والسعودية والبحرين واليمن وموريتانيا لسحب تنظيم بطولة كأس العالم 2022 من قطر بسبب علاقة الدولة العربية بالإرهاب ودعمها الكامل له فى المنطقة العربية والعالم."
13491d258c93af8208b8e2ed8a4f7b1e,Lie,نفت السعودية اتهامات بالقرصنة على بث مباريات كأس العالم لكرة القدم التي تملك شبكة (بي إن سبورتس)، ومقرها قطر، حقوق البث الإقليمية لها.
136dfd1b5abcbfe02261c3d0792e4532,Lie,"ونشرت الكاتبة الأسترالية بونيتا ميرسياديس، التي كانت ضمن اللجنة المروجة لملف أستراليا المترشح لتنظيم بطولة كأس العالم 2022، والتي حققت في ملف قطر والرئيس السابق لـ""فيفا"" لأعوام طويلة، أن بلاتر عقد اتفاقا مسبقا مع قناة رياضية قطرية وأمير قطر يلزمهم بدفع 100 مليون دولار لخزينة الاتحاد الدولي في حال فوز قطر باستضافة كأس العالم 2022."
13f73ed43eac6ba2f3e0af961235fc91,Lie,حلم ” تنظيم الحمدين ” لاستضافة كأس العالم 2022 يتحول إلى رماد
1479f202c2899f98c13729c390b930d8,Truth,أن الاقتصاد القطري أظهر قوة وثباتا في مواجهة الحصار
1481211d3756cf1c6ddd21f8540c3c27,Truth,"قالت صحيفة لوموند الفرنسية إن المملكة العربية السعودية هددت باستهداف قطر عسكريا في حال حصولها على منظومة ""أس 400"" الصاروخية الروسية"
152f6bb86e0441e57683dfac4263a2f6,Truth,لجنة قطر 2022: حصلنا على خبرة كبيرة من مونديال روسيا على مستوى التنظيم والأمن
1623b5352486fcb87afd99c0ce70d458,Truth,"فعاليات ""مجلس قطر"" تستمر وسط حضور كبير.. إبهار قطري وإعجاب روسي"
163131a71cc6886200d546a869388061,Lie,قطر تقترح 8 ملاعب فقط بدلا من 12 لتنظيم مونديال 2022
16a64550cc734c5659f8c09024c76b6c,Truth,"وفازت قطر، على غير المتوقع، في التصويت الذي أجراه الاتحاد الدولي لكرة القدم ""الفيفا"" عام 2010 لاختيار الدولة المضيفة لنهائيات كأس العالم 2022."
16ceeb60fe6d40124caf6ce3f7679d99,Lie,«أزمة مشجّعين» تهدّد «مونديال 2022»
16df2b27d7869a7ac7e26c5511bc4c3e,Truth,قطر: نواجه منذ عام حصارا جائرا وإجراءات أحادية
16f8b1b2e7464ef4985668ab264582dd,Truth,حصارٌ مفاجئٌ غير أخلاقي تجاوز كافة الخطوط الممنوعة شرعاً وقانوناً وإنسانياً، يتخذ من الضغط على مقومات حياة الأشقاء وسيلة، ويستهدف في النهاية إسقاط دولة مستقلة من خلال زعزعة استقرارها الاقتصادي وأمنها الاجتماعي وإرادتها السياسية.
18005cfdae83617f1d44fe38b23584d9,Truth,افتتاح اول ملاعب كأس العالم 2022 رسميا الجمعة
18125befc1207f45a9baaf9ed3e33236,Lie,بلاتر: التدخلات السياسية منحت قطر مونديال 2022
1837766d4ac345b33a270a874ff700d0,Truth,"تمنع السعودية استقبال برامج القناة، التي تبث من الدوحة، بسبب خلافات دبلوماسية مع قطر، ولكنها متاحة للمشاهدة داخل السعودية عبر قناة مقرصنة تدعى ""بي أوتكيو""."
187c5c0df406b032f61915e58839d6fe,Truth,قطر: محاولات منعنا من تنظيم كأس العالم 2022 لن تنجح
187e98143857c54c1a8cf4a76ab25766,Truth,أعلن مسؤول أمني قطري كبير، أن الدوحة ستستعين بضباط أجانب من مختلف الدول خلال نهائيات كأس العالم 2022.
188be5076d53e0ff8d0fda2085034814,Lie,حرضت الحملات القطرية عددا من أساتذة الرياضة في الولايات المتحدة للضغط على أعضاء في الكونغرس لأجل مطالبتهم باتخاذ خطوة تشريعية توصي بالتنازل عن تنظيم المونديال وتسخير أموال التنظيم لدعم الرياضة في المدارس الأميركية.
18b43592a62da11c81e3e67ae6922139,Lie,كشف موقع راديو 103 الإسرائيلي، في تقرير له عن فساد قطر وحجم الرشاوى التي دفعتها من أجل استضافة المونديال، والمهدد بسحبه منها بسبب تجاوزاتها ومخالفتها الأعراف الدولية.
18b7b9350b159496a8c371785c9c95f3,Lie,بلاتر يؤكد: التدخلات السياسية منحت قطر مونديال 2022
192a26364c73120324b4e348da85469e,Lie,"يكشف ""برنامج المؤامرة"" على قناة 24 السعودية لأول مرة بالصوت والصورة تآمر العناصر القطرية على أمن واستقرار السعودية من خلال تجنيد الشباب داخل المملكة السعودية."
19ee9c624641145d5162ab6f9065b234,Lie,"استعانت قطر بإيران من أجل تولي بعض مهام الاستضافة لبطولة كأس العالم، المقامة في عام 2022، بحسب ما ذكرته مجلة ""ذا إيكونوميست"" البريطانية."
1a1b13ba9dd4dbd7c156d9c648e4a430,Truth,تم تأسيس ست شركات لتعبئة منتجات اللحوم، كما تم تأسيس 130 شركة لتجارة اللحوم، و300 شركة لتجارة الخضار والفواكه الطازجة والمحفوظة.
1b8161ff99db28322427b2cbdc0bcfe1,Lie,السعودية تقتل حلم قطر في استضافة كأس العالم 2022
1c8ae8ac8ea052f29b3dc22de8a54806,Lie,شراكة بين شركة كولمبية وأخرى كوبية، نعمل وفق الأنظمة في الدولتين التي تعتبر عملنا نظامي 100%‏ وذلك لتجريم الاحتكار. المستثمرون من دول خليجية ومن كبار المستثمرين في كوبا وكولومبيا.
1d17f3ce5d2225081b9a4691f42a6aae,Lie,الفايننشال تايمز: حصار قطر يهدد نهائيات كأس العالم
1d17f3ce5d2225081b9a4691f42a6aae,Lie,الفايننشال تايمز: حصار قطر يهدد نهائيات كأس العالم
1d86dfcc87c8a5a6f83b42babaaeff42,Truth,ونالت قطر في 2010 شرف استضافة كأس العالم 2022، للمرة الأولى في الشرق الأوسط وشمال إفريقيا.
1db26e5031c4c187dfab7c4375c26381,Truth,الفيفا يؤكد: كأس العالم 2022 لن يسحب من قطر
1de8682d202a1a57ac089e8ca3bcac6c,Lie,قطر تبني قبوراً للعمال في بناء ملاعب المونديال
1e70dcfabe3ab33690914c4f20d19843,Lie,قطر مهدَّدة بسحب استضافة كأس العالم
1e70dcfabe3ab33690914c4f20d19843,Lie,قطر مهدَّدة بسحب استضافة كأس العالم
1e83f0ef5c597ae6b3b8c9e413b213ec,Truth,صغر المساحة الجغرافية لقطر أيضاً ستضاعف متاعب كأس العالم المقبلة، ولن تجعل هناك مجال لتنظيم جيد مطلقاً، فضلاً عن احتمالية عالية جداً لفقدان السيطرة الأمنية في ظل وجود جماهير تنتمي إلى دول متنافسة في مساحات جغرافية متقاربة للغاية!
1f5355151662424372dc3d0f9e647777,Truth,قبل عامٍ مضى، وفي الخامس من يونيو/حزيران 2017، فرض ائتلاف رباعي ضم السعودية والإمارات والبحرين ومصر حصاراً برياً وبحرياً وجوياً على دولة قطر في صورة إجراءات جائرة غير مسبوقة.
20246c5d71e808bdc3392eb85a29f2cc,Lie,لجأت قطر لطلب تمويل مالي جديد قيمته 9 مليارات ريال سعودي، وإصدار سندات حكومية وصلت قيمتها إلى 18 مليار ريال، ورفع إصدار الصكوك الحكومية لـ24 مليار ريال.
215e3b7622d94ce2416bf84a0d290603,Truth,"نسبت إلى وزير التجارة والاقتصاد السابق الشيخ محمد آل ثاني قوله ""نستطيع تحمل هذا الحصار، نعلم أننا نكسب وأنهم يخسرون""."
2201ba256c580b021298116d3b903d63,Lie,خبير قانوني: حفر “قناة سلوى” ستحرم قطر من استضافة كأس العالم
220f2a12603918544be252a27aaa6bb2,Lie,ووفقًا للأوساط المحيطة فسوف تخسر قطر حق بث ونقل مباريات كأس العالم لعام ٢٠١٨. بل أكثر من ذلك؛ إذ تشير المعلومات أيضًا إلى أن استضافة بطولة ٢٠٢٢ ستكون من نصيب الولايات المتحدة أو إنجلترا.
22bce299298fd2baa0f02bdfb7fc7c3d,Truth,تمهيدا للمونديال.. قطر تستعرض تراثها وحضارتها بموسكو
22c8663850ec2a996cf114a566ae81a0,Truth,الذوادي: لا خطورة لحصار قطر على استضافة مونديال 2022
232e376a2da9dea65d250fc6d2ab3885,Truth,"قطر توقع عقدا مع ""إيكسون"" للتنقيب بالأرجنتين"
242d992cebdbdcb682e6fc7eb6c46731,Lie,"يجب أن يعترف الجميع بخطأ اسناد البطولة المقبلة لقطر، ومن يتابع بطولة روسيا 2018 يدرك تماماً اننا مقبلون على بطولة سيطويها التاريخ في قطر 2022 ما لم يتدارك ""الفيفا"" هذا الخطأ ويجنب البطولة سيناريو فشل مؤكد بنسبة مائة بالمائة."
245edb6b972c327cfb2de2ae6a5839ca,Truth,تحقيق | العالم مُنبهر بسرعة تنفيذ قطر لمشاريع مونديال 2022
24bfbb23b9f6454ecc8c74c3d846250e,Lie,اقتصاد قطر على حافة الإفلاس
2688e189acb8fd4d756227519996a800,Lie,كعادته.. يكذب النظام القطرى ويتجمل، وفى محاولة منه لإحتواء الغضب الشعبى والإستياء المتصاعد بين القطريين الذين ضاقت بهم ممارسات النظام القمعية لهم ولقبائلهم فى الخارج على مدار العام الماضى خلال الأزمة العربية
26ee9ae13c3be90387d1cd3485b80de5,Truth,قطر: لن ندعم أي طرف في خراب اليمن
26ee9ae13c3be90387d1cd3485b80de5,Truth,قطر: لن ندعم أي طرف في خراب اليمن
26f626631606e8c23dd56e21c3924927,Lie,على قطر إدراك أن جميع الجولات والمحاولات الحكومة القطرية حول العالم من مشرقها لمغربها لن تفلح وأن الحل فى الرياض وفى الدول الأربع ولأن المقاطعة بسبب دعمها الرئيسى للإرهاب
271935de3c74b4522489d5428459b820,Lie,قطر والإرهاب عرض مستمر
278ed29d58a82ce7e910e4a05a53dee3,Truth,"أقدمت قنوات تُطلق على نفسها ""beoutQ"" الرياضية على بث مباريات تملكها حصرياً شبكة قنوات ""بي إن سبورت"" القطرية ذائعة الصيت."
279b3112aaf47f728943b2499e33fec8,Lie,مونديال قطر فى مهب الريح وأمريكا المرشح الأبرز
27c05c98fa1520457b41582b4ffdcd7d,Lie,"كما أبدى مسؤول في اتحاد القدم الإنجليزي في أكتوبر الماضي ثقته بأن بلاده ستحتضن مونديال كأس العالم 2022 الذي من المفترض أن يقام في قطر بعدما زادت الاتهامات تجاه الدوحة بأنها حصلت على الأصوات بطريقة مشبوهة، إضافة إلى الأزمة السياسية التي تعيشها حالياً.

"
29144a114da546efc94873cb66b5444d,Truth,"كشفت صحيفة لوموند الفرنسية أن السعودية هددت باستخدام القوة العسكرية ضد قطر إذا حصلت على منظومة ""أس 400"" الدفاعية الروسية."
2945f075f48429df548244dba8a805d9,Truth,وزير خارجية قطر: ندعو لدعم الأردن وقرار السلاح سيادي
2a021d64f62b2d238549bbc636910ca8,Truth,"كشف سعود القحطاني، المستشار بالديوان الملكي السعودي، حقيقة دعم المملكة لقناة ""Beoutq"" التي تقوم بقرصنة بث مجموعة قنوات بي إن سبورت القطرية"
2a49480d84af89e5e4a48b855c7e09f6,Truth,السعودية تلوح باستخدام القوة ضد قطر
2a93f9e5968d327432df9b0d558dee75,Lie,"وكشفت صحيفة التليجراف عن لقاء جمع بلاتينى مع بن همام، المسئول القطرى المتهم بتقديم رشاوى بملايين الإسترلينى لأعضاء اللجنة التنفيذية للاتحاد الدولى لكرة القدم ""فيفا""، وهو ما أسفر عن منح قطر حق استضافة بطولة 2022."
2af3efbfc0646f680b7fc08b8ee45532,Lie,رجح وزير الثقافة البريطاني السابق جون ويتينغدال إمكانية سحب تنظيم كأس العالم 2022 من قطر في حال ثبتت تهم الفساد الموجهة إليها.
2af3efbfc0646f680b7fc08b8ee45532,Lie,رجح وزير الثقافة البريطاني السابق جون ويتينغدال إمكانية سحب تنظيم كأس العالم 2022 من قطر في حال ثبتت تهم الفساد الموجهة إليها.
2c391352f2b242d5c8608f355a08da79,Lie,موقع كندي: تميم يسعى لمونديال 2022 بحثاً عن الذات
2cbbd089b01e5e97afa238b8e32ef2da,Truth,قال إنفانتينو، في تصريح صحفي على هامش الملتقى التنفيذي للفيفا الذي أقيم في سلطنة عمان، اليوم الأربعاء، إن بطولة كأس العالم لكرة القدم 2022 ستقام في دولة قطر بعد أربعة أعوام، ولا يوجد خلاف في هذا الأمر على الإطلاق، بحسب وكالة الأنباء القطرية.
2d93f3514f3237fbfa1969c2e98c71af,Truth,الفيفا: سنتخذ إجراءات قانونية داخل السعودية لمحاربة القرصنة التي تمارسها beoutQ
2dcc61e4827e8d301f084b908e79bb83,Lie,كاشفًا تأثيراتها على اقتصاد الدوحة.. خبير قانوني: حفر قناة سلوى ستحرم قطر من استضافة كأس العالم 2022!
2e829ccf69501b20b282a891705ec39f,Lie,ضاحي خلفان: قطر لن تستطيع استقبال مونديال 2022
2e892339ae08ba206689de9c38b0767e,Lie,الدوحة دفعت ملايين الدولارات لأعضاء المكتب التنفيذى بمنظمة الفيفا.. وجوزيف بلاتر أكبر المتورطين
2ea276e6914caeaf4634fd7d09be8b1f,Lie,يواصل تنظيم الحمدين الذى يحكم الإمارة خطواته العبثية، غير آبه بدعوات إعادة الإمارة إلى الحضن العربى، ويسير نحو تعميق الشروخ مع أشقائه العرب لاسيما المملكة العربية السعودية
2eb12d6a991cca3a8b041892c46bfcf0,Lie,قطر تفشل في تبرير مقتل عامل بريطاني أثناء إنشاءات كأس العالم
2f0e310fb35d4c6912a114ef183db647,Truth,الفيفا يرد على الشائعات: كأس العالم 2022 في قطر
2f42db08b54f4fac32a32952e94bfc3c,Truth,قطر.. ارتفاع الناتج المحلي الإجمالي بـ7%
2f6bfbb820a4f771c30ec1c112e9057d,Lie,عدد من المتخصصين أكدوا أن استمرار قطر فى عنادها وتمويلها للإرهاب؛ سيؤدى إلى عجز الحكومة القطرية، والفشل فى الوفاء بالتزاماتها، وهو ما يستدعى مراجعة القرار المتعلق بتنظيم المونديال.
2fac232aef73536e9d3854d729f71d7c,Lie,"#سحب_مونديال_قطر : هل تخسر قطر تنظيم مونديال 2022؟
"
3074abba243b416dc6e781573f3d833f,Lie,رئيس الاتحاد الألماني لكرة القدم لا يستبعد مقاطعة كأس العالم 2022 في قطر
3093bb426a39b06bbcec53840d634195,Lie,عزمى بشاره أداة إعلامية بيد قطر لتنفيذ أجندات تدعم الإرهاب
309967429e3192f851c9b183fd0ba982,Lie,وأصدرت الهيئة السعودية بياناً اتهمت فيه شبكة القنوات الرياضية القطرية الشهيرة بارتكاب عدد من الممارسات المخالفة لنظام المنافسة، منذ عام 2016.
3197340d98ce0c482128e50896045e9c,Truth,الفيفا: مونديال قطر سيكون مصدر إلهام
3339e5b92bafa7e9f6f4bddc8ba15ff5,Lie,وتزايدت احتمالات سحب تنظيم كأس العالم من قطر بعد أن كشف محققون فرنسيون عن اتهاماتهم ضد الرئيس الفرنسي السابق نيكولا ساركوزي، بتلقيه أموالاً من قطر للحصول على الدعم الأوروبي، وهو ما تحدث عنه رئيس الفيفا السابق جوزيف بلاتر الموقوف بتهم فساد أيضاً.
33724bdb6e4e51ff76b95f7e3cf9c451,Truth,انتخاب قطر نائبا لرئيس الجمعية العامة للأمم المتحدة
3423ef7bbbccea650cd975c69478d4ed,Truth,"واستطردت المجلة الألمانية: ""إن ما يقال في الدائرة المقربة من تركي آل الشيخ هو أن قطر سوف تفقد تنظيم البطولة في سبتمبر/أيلول 2018."""
3539c4b5ea4d323947fe19e767d72a11,Lie,قطر تنفق 500 مليون دولار أسبوعيا على منشآت مونديال 2022
3585052b0d60b43e556edb5bb51cb5c2,Truth,الفيفا يعلن إقامة مونديال 2022 في قطر في الشتاء
3585b4c27f80589d2d4620e6350aa036,Truth,قطر ترحب بإسرائيل فى كأس العالم 2022
35d939fd25d688dd4ea129ec551954ee,Lie,وفاة عمال اجانب في بناء الملاعب يهدد استضافة قطر لمونديال 2022
35f268544014e43cdd59cd24f371bea7,Lie,"عاد السويسري جوزيف بلاتر، رئيس فيفا السابق، للتأكيد على أن حصول قطر على حق تنظيم مونديال 2022 جاء بسبب ما أسماها ""التدخلات السياسية""، مشيراً إلى أنه غير مسؤول عن وفيات العمال في مواقع العمل الخاصة بكأس العالم."
3627ff3ecc06b098228a7e18c33c5236,Lie,وزارة الحج: قطر لا تُمكّن مواطنيها من أداء العمرة
366ad12f2da914f75b15675ea78d5c9c,Truth,قطر: لم نتعامل مع دول الحصار بمنطقها المغلوط
37411349d517bd84060d974bae464fee,Lie,وأكد ويتينغدال أنه في حال تأكد المحققون من حصول الدوحة على حق تنظيم المونديال عبر طرق ملتوية، فإنها ستفقد هذه الفرصة.
374e1cb418589f2ac31e4cd591bc07af,Truth,حققت أشغال البناء في ملعب الريان أحد ملاعب كأس العالم قطر 2022، مستوى متقدماً من السلامة بعد إتمام ما يزيد عن خمسة ملايين ساعة عمل دون تسجيل أي حادث يتسبب في تأخير العمل.
38088c83b01fae71895174cc18218283,Truth,حصدت قطر ما لم تكن هي تتوقعه، فعاد الحصار عليها إيجاباً على عكس ما توقعته دول الحصار وغالبية المراقبين.
388a3e5ab4e9c381e5348dad686cff21,Lie,ترى الدول الأربع أن جوهر القضية هو أن قطر تقوم بانتهاكات مستمرة وجسيمة للحقوق السيادية كافة للدول الأربع بما فى ذلك تدخلها فى شؤونها الداخلية ودعم الإرهاب مما يجعل هذا النزاع سياسيا أمنيا بالدرجة الأولى
38b3c5a4ab7af5802d67cb23910ff258,Truth,العطية: اسطول عمليات مشترك مع المملكة المتحدة لحماية أجواء قطر خلال مونديال 2022
38e57faa442d3dc100d693ed6f57fc88,Lie,اموال قطرية غيرت مجرى  الانتخابات العراقية ...
399412c83d5392687f6cfc317c0c1f77,Lie,التايمز عن مونديال قطر 2022: مجرد سراب في الصحراء
39bdbda6f96a4617afc4ad1d039a2e8b,Truth,فرضت كل من الإمارات والسعودية والبحرين ومصر في يونيو/حزيران 2017 حصارا بريا وبحريا وجويا على قطر، في إجراءات تقول الدوحة إنها للهيمنة عليها وإخضاع سيادتها الوطنية.
39c401d0d466194a21da9bfa352b7c6b,Lie,تفاصيل وحقيقة سحب مونديال قطر٢٠٢٢!
3a3fbae41d02cc80abf8a895daef36cb,Truth,قطر تكشف عن أول ملعب قابل للتفكيك يحتضن المونديال
3a744e70dc3884756a2d874d0d0460e9,Truth,دول حصار قطر تستأنف ضد إيكاو بعد رفض طعونها
3af5174011f995cd38bbab48619d7d66,Lie,قطر تستعين بنجل رئيس السنغال السابق لتنظيم مونديال 2022
3b69d245ecd703db6fc61ff9b3e8af1f,Truth,"سخر ناشطون من الخبر الذي بثته قناة ""الإخبارية""، الذي اعتمد على سبب وحيد رجح من خلاله سحب ""الفيفا"" البطولة من قطر، وهو عدم وجود منفذ بري لها في الفترة المقبلة في حال أتمت السعودية تنفيذ مشروع سلوى."
3c020e50fe3916aee95f3a9b1c17f7a8,Lie,راحت عليها.. قناة سلوى تدمر أحلام قطر في استضافة كأس العالم 2022
3c020e50fe3916aee95f3a9b1c17f7a8,Lie,راحت عليها.. قناة سلوى تدمر أحلام قطر في استضافة كأس العالم 2022
3c58f17c547305bca05b233f8430bc4b,Lie,اليابان والولايات المتحدة أبرز المرشحين لتنظيم مونديال 2022 بدلا من قطر
3cf7442a824a6ccaf7623521fb6febad,Lie,"إيران تستغل قطر للخروج من أزماتها.. طهران تعرض جزيرة ""كيش"" فى الخليج على الدويلة المعزولة لاستغلالها فى مونديال ٢٠٢٢"
3d1c2a40514ffe32ffc5572359e0163c,Truth,طلبت بي أوت كيو في بيان أصدرته الأحد، اعتذارا من بي إن سبورتس على حملة التشويه التي قادتها ضدها مؤخرا 
3d21986370ec07cf04684a9f4784bf65,Truth,"ولقد لاحظت أن ""مونديال روسيا"" يثير تساؤلات جوهرية حول مقدرة دولة بحجم قطر على استضافة بطولة بهذا الانتشار والشعبية الكوكبية، فقد لاحظنا أن وجود أكثر من عشرين ألف متفرج فقط في إحدى المباريات قد أغضب ""الفيفا"" واعتبره ""إقبالاً ضعيفاً""، فما بالنا والجميع يدرك تماماً أن كأس العالم المقبلة ربما تدخل تاريخ البطولات في أرقام قياسية تاريخية من حيث تدني مستوى الاقبال الجماهيري"
3dd8c3995019a907298c290007b49bfe,Lie,أن قطر تواصل تحريضها المستمر من أجل تدمير المنطقة العربية
3e10761fe897c330836c9fed41da217e,Lie,بعد سيل الاتهامات بالفساد وتقديم رشى لأعضاء اللجنة التنفيذية لأجل الفوز بتنظيم البطولة
3f5dc5db50c8f58568b168642f75a84f,Lie,أحمد موسى: قطر ستفتعل أزمة أثناء مباريات كأس العالم لمضايقة الشعب المصري
3f71b4fa368e56dbb1ed89de037210f9,Truth,لأول مرة بتاريخ كأس العالم.. قطر تكشف عن ملعب قابل للتفكيك والتبرّع بأجزائه بعد البطولة في 2022
3f8a37d4b02275010ad31627520d8cb9,Lie,"""اقتراح مشروع زيادة عدد المنتخبات المشاركة في مونديال 2022، من 32 إلى 48 منتخبا، يهدد استضافة قطر لبطولة كأس العالم لكرة القدم""."
40a12963ff50b03b421cf210756c98aa,Lie,حال تنظيم قطر لكأس العالم 2022 فإن المسابقة الدولية، باتت مهددة بالفضيحة والفساد الذي يضر باسم اللعبة، صحيفة ديلي ستار البريطانية، قالت ذلك، مضيفة أنه بعد الأزمة السياسية التي تمر بها الآن باتت بريطانيا الأقرب لتنظيم المونديال
41456d1a95594854c1313a7890b7d11f,Truth,"نائبة البرلمان الألماني تدعو ""فيفا"" إلى سحب المونديال من قطر .. تساؤلات حرجة وأدلة"
4152b1b70c11b59ee8a8877d042e84db,Truth,"""الفيفا"" تختار روسيا لاستضافة كأس العالم 2018 وقطر كأس العالم 2022"
4253fd3b4d5906e3930160e0889cec0e,Truth,تقول لوفيغارو إنه على الرغم من أن مناخ الأعمال ليس مواتيا بسبب الأزمة، فإن الدوحة استطاعت الصمود أمام الحصار، وتعويض ما كانت تستورده من البلدان المقاطعة لها من مواد غذائية من دول أخرى على غرار تركيا والمغرب وإيران.
42c17c284ea87b8eb7148f2254a4186b,Truth,"""بي إن"" القطرية تطلب من الفيفا التحرك لوقف قرصنة بثها في السعودية"
43196b5155793c057fbb78d5912960d8,Truth,أكد سفير دولة قطر لدى روسيا فهد بن محمد العطية أن الدوحة مستمرة في التعاون مع الجانب الروسي في المجالات كافة، بما فيها المجالان الأمني والدفاعي
4345223300d8fc239db57469dad542eb,Truth,تعتزم الدولة الخليجية الصغيرة، التي تتجاوز فيها درجات الحرارة 45 درجة مئوية في الصيف، بناء ملاعب تعمل بالطاقة الشمسية ومكيفة الهواء بالإضافة إلى مشروعات للإسكان والبنية التحتية والنقل من أجل الحدث.
436869d5b4b3ecdae909b4f57d8df9b5,Lie,تقارير: سحب تنظيم مونديال 2022 من قطر قريبا
44a56304f6fc15f37a085d48b8d5a956,Truth,قرار متهور أقدمت عليه دول خليجية ثلاث -بمعية نظام عسكري حاكم في مصر- بمحاصرة قطر، في وقت ينشغل المسلمون بالعبادة أكثر من غيرها من أمور.
459fc85e419d3bff3dc442dc41a4f4bd,Truth,اللجنة العليا تطلق أول ملعب لكأس العالم FIFA قابل لإعادة التركيب كلياً
45b594f0c67c2840e0f3ad0cfe1a5021,Lie,توقع خبراء في الشؤون الرياضية أن تؤدي الأزمة الدبلوماسية الحادة التي اندلعت بين عواصم خليجية عدة والدوحة، إلى انعكاسات سلبية على استضافة قطر المرتقبة لكأس العالم 2022 في كرة القدم.
4677b2eceaa24457170a99e269a0848d,Truth,انتخبت الجمعية العامة للأمم المتحدة دولة قطر نائبا لرئيس الجمعية لدورتها 73 التي ستبدأ أعمالها منتصف سبتمبر/أيلول القادم.
469fee63cd2e7e7da4cc2e567a938a91,Lie,"كشفت مجلة ""فوكس"" الألمانية عن اقتراب الاتحاد الدولي لكرة القدم من سحب تنظيم كأس العالم 2022 من قطر وإسناده إلى الولايات المتحدة الأميركية أو إنجلترا، على أن يتخذ القرار نهاية الصيف المقبل."
46b13972d9a169225700e796a9c9d23c,Truth,بلغت قيمة الصادرات غير النفطية خلال النصف الأول من العام 2017 -أي قبل وقوع الحصار- 8.4 مليارات ريال (2.3 مليار دولار)، في حين بلغت قيمتها خلال النصف الثاني من العام نفسه -وهي فترة ما بعد الحصار- 9.6 مليارات ريال (2.6 ميار دولار)، محققة زيادة خلال الحصار نسبتها 14%.
46cc58b1206eca26c1d22560e0b3f10c,Truth,لقد كان التوجه القطري قبل الأزمة هو المحافظة على التكامل الخليجي في مجالات اقتصادية متنوعة، وعدم الدخول في تنافس مع دول مجلس التعاون الخليجي في مجالات التصنيع الغذائي وغيره مثلا؛ وهو ما جعل من قطر سوقاً استهلاكية مربحة لمنتجات وصناعات سعودية وإماراتية وغيرها.
472c89d520700cb8903909bd49d63927,Lie,موقف قطر فاضح فى دعم الحوثيين إعلاميا وسياسيا وعسكريا .
4735d1e80f49a7e687c53b789d2aa32b,Lie,صحيفة بريطانية: تنظيم مونديال 2022 فى أمريكا أو إنجلترا بدلا من قطر
4757d780512986455c858844096f9489,Truth,في أبريل/نيسان 2018، استنكرت الهيئة العامة للطيران المدني القطرية اتهام الإمارات لقطر بتهديد الأمن والسلامة الجوية، مؤكدةً أن الدوحة ملتزمة بأعلى معايير الجودة للمحافظة على أمن وسلامةة  الطيران المدني. 
47b95e3df494bde1240940cbfac80871,Truth,مونديال 2022 يعزّز السياحة الرياضية في قطر
4977403d5af5a44384454794c92755b9,Lie,"""ديلى ميل"": أستراليا قد تستضيف كأس العالم 2022 بدلا من قطر"
49dca6def251312d44c962ba78a08c2f,Lie,قطر تخسر زوارها رغم حزمة الإغراءات
4a291e2a46ad21eb9946a0891746506f,Truth,اللجنة المنظمة تتحدى: كأس العالم 2022 سيقام في قطر رغما عن تصريحات عضو اللجنة التنفيذية!
4a2eae4efc3baf2de61d8b75ec29f9f8,Lie,دول الحصار تقودها السعودية توجه كتاباً إلى الفيفا لإلغاء إقامة كأس العالم “2022” في قطر
4adce9bbc7085e42cdb89e147e6696c2,Lie,قال الرئيس السابق لاتحاد الكرة الإنجليزي، لورد تريسمان، إن على بلاده أن تتطلع إلى استضافة المونديال 2022 في حال جرى سحبه من قطر، التي تواجه اتهامات بانتهاك قواعد الترشيح، عبر الإساءة لمنافسيها والضلوع في تقديم رشاوى.
4bd750b031e7123549eec087006b65d2,Truth,هزيمة الاٍرهاب تتطلب أكثر من هزيمة تنظيماته .. نحتاج لاجتثاث الظلم والتهميش الذي ينتج التطرف واليأس ووقف الانتهاكات الحقوقية والسياسية التي تعانيها بعض شعوب المنطقة #مؤتمر_ميونيخ_للأمن
4bfa66159bc3ef0bace8543f5d8c41b3,Truth,قال رئيس غرفة قطر إن دول الحصار خسرت سوق قطر وكثيرا من العقود والمشاريع التي كانت ستدخل فيها، كما خسرت استثمارات قطرية كبيرة في هذه الدول عبارة عن مشاريع وشركات وعقارات واستثمارات متنوعة.
4d0484220d241854a6de202feea17002,Truth,"في 17 أغسطس/آب 2017 قال القحطاني إن هاشتاغ ""ارحل تميم"" يعكس مطالب القطريين، وفي الحقيقة لم يكن الهاشتاغ مقياسا للرأي العام القطري، لأنه مولد من برمجيات أوتوماتيكية معادية لقطر."
4deacde0f0ef15bd977fec5a2b695e7f,Lie,البطولة المقبلة في قطر تفتقر إلى التنوع الثقافي وتنزع سمات البهجة الثقافية والحضارية عن كأس العالم، فلا شيء يمكن متابعته سوى مستطيل أخضر يفترض أن تجرى فيه مباريات
4ff2bd34900e059abac5463a29c7a697,Truth,تشافي هيرنانديز أول سفير عالمي لكأس العالم 2022 في قطر
503561209e80e36ab078aa747c585519,Truth,سيكون كأس العالم ٢٠٢٢ الأول الذي لا يقام في الصيف بين شهري يونيو ويوليو، وإنما سيلعب في الشتاء لأول مرة بسبب ارتفاع درجات الحرارة في قطر في الصيف، وتصل في بعص الأحيان إلى 42 درجة مئوية، وهذا الطقس غير مناسب للعب كرة القدم.
5048627b42673abebf5b546cf9f6d1ee,Truth,وطالبت ست منظمات حقوقية على مستوى العالم في نوفمبر الماضي، بتدخل الأمم المتحدة في ملف استضافة كأس العالم 2022، وإيقاف التجاوزات التي قامت بها قطر لتنظيم البطولة، وما حدث عقب ذلك من مخالفات لا سيما في حقوق الإنسان، وما تعرضت له العمالة المنفذة للمشاريع الإنشائية
50bd75b0ed6af33766afff47bf4ccc6a,Truth,"""تبرئة""ساحة قطر من الرشوة لاستضافة كأس العالم لكرة القدم"
511edb4549169feecb1174c44e7b9567,Truth,سوء الخطط ساعد قطر على إفشال الحصار
517d1ea1b2ee836434e891617ddfe376,Lie,"قطر تموِّل ""مقالات أمريكية"" للترويج لاستضافة مونديال 2022"
525b971847724dee9247a03ebcb0e04b,Lie,طالب إعلاميو مونديال روسيا 2018، الاتحاد الدولي لكرة القدم «فيفا»، بسحب فوري لنهائيات كأس العالم 2022 من قطر. وأكد إعلاميون لـ «البيان الرياضي»، أن الدوحة غير قادرة على استيعاب جماهير المونديال التي يقدر عددها بـ 3 ملايين
53089e34b3a4306658c3d07b8bc67fe1,Lie,شركات بناء ملاعب كأس العالم 2022 تخطط لمغادرة قطر
53a9139f496e67c84756e37b6ec933ef,Lie,خبير دولي: «قناة سلوى» ستزيد الضغوط الاقتصادية على قطر... وقد تدفع «كأس العالم» ثمناً لها
53ae3e01ab2923221cfc4c0f4ec6fe52,Lie,الديلي ميل تكشف عن دولة بديلة لقطر لاستضافة مونديال 2022
53d5dc1002b7f0e957aed3fa84248b84,Lie,"أليكسي نيتشاييف "" التصويت للإمارة العربية الحارة، كما أرى، فينطوي على مبالغة. قطر، سوف تنجح في تنظيم البطولة، ولكن سيكون صعبا عليها تكرار النجاح الذي حققته روسيا""."
54fdae331c9d9ec43c096e44b45dfb5c,Truth,"ظاهرة التلاعب بـ""الهاشتاغ"" أصبحت منتشرة في دول الخليج بعد اندلاع الأزمة، حتى إن مواقع إخبارية عالمية وقعت في خطأ التعامل مع هذا التلاعب، ونشرت نتائج هاشتاغات مزيفة ضد قطر"
55029930c3d2f3b50bae9e17bb1ed46a,Truth,تشافي يرغب في تدريب منتخب قطر في مونديال 2022
5504c5168a8745fd557f7d54fcf37862,Truth,"وأوضح التقرير أنه في الأشهر الأخيرة، قامت السعودية بالترويج لمشروع زيادة عدد المنتخبات المشاركة في مونديال 2022 من 32 إلى 48 منتخبا، لإثراء البطولة القادمة، لكن الرياض أرادت على وجه الخصوص طرح الحاجة الملحة إلى ملاعب ومساحات إضافية لمونديال 2022، ""مما يطرح احتمال تنظيم أنشطة أخرى خارج الدوحة، سيما في ظل تقليص إمكانية قبول المساعدة من الدول المجاورة المقاطعة لقطر""."
5591da74f43d18764bea056dcd359a00,Truth,كانت مجموعة قنوات BEIN SPORTS قد اتهمت بي أوت كيو بالقرصنة على حقوقها في البث.
55b4f1eca67c64d8b747e8348f47b17f,Lie,تسجيل صوتي يفضح تورط أمير قطر مع بلاتر ورئيس فرنسا لاستضافة مونديال 2022
562dd2b0edb753c0cbe18034f9553b3e,Truth,خبير تقني يكشف لـ «شووت» حقيقة قنوات «Beout Q»
566b3393f94ee101d45b11cb38314885,Truth,"علمت بي بي سي ان التحقيق الذي اجري من قبل الاتحاد الدولي لكرة القدم ""الفيفا"" في كيفية فوز قطر باستضافة كاس العالم لكرة القدم عام 2022 يبرئ الدوحة من الرشوة."
56a2919ff7a870823f1eaebbd9d4711c,Lie,وعلى الصعيد العالمي، تم الكشف عن فضيحة اعتماد قطر على الأموال القذرة في سبيل الفوز بتنظيم كأس العالم 2022، حيث أكدت صحيفة «صنداي تايمز» البريطانية أنها حصلت على عدد كبير من الوثائق تثبت تلقي بعض كبار مسؤولي الاتحاد الدولي لكرة القدم ما مجموعه خمسة ملايين دولار في مقابل دعم ملف قطر لاستضافة المونديال.
5709711619acc940b648a6151f3a930c,Lie,"أدلة جديدة على ""الفضيحة الكبرى"" قد تبخر حلم مونديال قطر"
57d0a96f826d7767d4205e8725a249ec,Lie,لجأ النظام لتحسين صورته فى إعلامه المحلى عبر التلاعب فى أرقام التقارير الاقتصادية ونشر مواد إعلامية كاذبة غير سليمة
581b9c65143f2d8a9acc2a8c9ea44a4b,Truth,انتهى محاميان بريطانيان أعدا تقريرا حقوقيا حول حصار قطر إلى أن الحصار كان يستهدف فرض إرادة سياسية على دولة قطر وإخضاعها عبر الضغط على الشعب.
58bce6484a7b43d64a68ab2e431ffd9a,Truth,رئيس غرفة قطر: انتصرنا على الحصار واقتصادنا قوي
58bce6484a7b43d64a68ab2e431ffd9a,Truth,رئيس غرفة قطر: انتصرنا على الحصار واقتصادنا قوي
593ad9472da7740071c5e392803acd84,Lie,تقرير: دول عربية تطلب سحب تنظيم كأس العالم من قطر
599e9c3451f05a437b89fc3fa27af094,Truth,وستكون المرة الأولى التي تقام فيها البطولة الكروية الأبرز عالميا في منطقة الشرق الأوسط وشمال افريقيا، على رغم ان فوز الملف القطري شابته اتهامات بالفساد ودفع الرشى.
5a4e53df1f1c67029ff39e6cdeed7734,Lie,الدوحة توثق علاقتها بيهود واشنطن لتعزيز موقفها لدى الإدارة
5a674959218fa0fd65282600c70e00de,Lie,استمرار المقاطعة العربية لقطر بسبب تعنت أمير الارهاب تميم بن حمد، وإصراره على مواصلة دعم الإرهاب فى المنطقة وتمويل الجماعات المسلحة
5b1c6a78a1d5072ef6680ebab08c03ad,Truth,قطر تروج لكأس العالم 2022 في روسيا
5b50f429cee6705073c98f68154bac49,Lie,مظاهرات في سويسرا تطالب بقطع العلاقات مع «دولة الإرهاب» قطر وسحب تنظيم مونديال 2022
5bb2876aefe419f41f6daf0de57745bb,Lie,"أفاد تقرير سري جديد بأن هناك ""خطورة سياسية متزايدة بأن قطر ربما لن تستضيف بطولة كأس العالم لكرة القدم عام 2022."""
5c4b0575c2c85761eb116ccfb23eda81,Truth,الخاطر: جميع مكونات المجتمع شركاء في إنجاح «قطر 2022»
5c83ee63b3f88a0014d4ec87b82da388,Truth,ثمة مشاريع بناء ضخمة جارية من أجل استضافة بطولة كأس العالم. ويجري تشييد سبعة ملاعب جديدة بجانب بنية تحتية أخرى، ما يتطلب جلب مواد بناء من مناطق بعيدة.
5c8b92cc9ae4a354c5a408b3862a9c29,Truth,ومن المقرر أن تستضيف قطر بطول كأس العالم عام 2022، ويتواجد حاليا مجموعة من المراقبين القطريين بروسيا لتحليل تنظيم البطولة.
5cd8a4a63fad6938ed4740262e3fa11f,Lie,وبالتطرق إلى قرصنة Beoutq التي نفت السعودية أنها تدعمها، قال القحطاني إن «المملكة تقوم بإجراءات صارمة للحد من القرصنة بصورها كافة، فالمملكة تحترم مسألة حماية الحقوق الفكرية وتلتزم بالاتفاقيات الدولية في هذا الخصوص»، مشيرا إلى أن مشكلة القرصنة مشكلة دولية، فهناك عدد من الدول الأخرى قامت بإجراءات مماثلة وصادرت أجهزة قرصنة كالكويت وعمان، كما أن هناك مشاكل مشابهة في عدد من الدول الآسيوية والأوروبية أيضا، بل في الدوحة نفسها.
5e93bc9a1a951f9f6ee8db83aeedbed2,Lie,واصلت أسعار الغذاء فى الدوحة، الارتفاع كما تأثر سوق العقارات، وذلك بحسب بيانات التضخم الرسمية الصادرة عن الحكومة القطرية نفسها مؤخرا
600a9cfc24259dd835d099f9010e0a77,Truth,"سرايا بوست / قطر تلطخ كأس العالم بدم الفلسطينيين.. سر تعاون ""بي إن سبورت"" مع شركة إسرائيلية"
605eba949555dd739f8c8d22be9be80c,Truth,"إلا أن المجلة أرفقت العنوان الرئيسي بآخر ثانوي يشير إلى أن ""المعلومات من السعودية."""
61d93fa24d4e4aa12a6c31593ec5f533,Lie,لو طبقت beout q البث بشكل ممتاز ، سوف تكون ضربة قاسيه لقنوات bein sport
62378db683d89970655757e5bb26ee78,Lie,«إيكونوميست»: قطر تطلب من طهران العون في مونديال كأس العالم 2022
62447005ea5f9c136f7c505e8dd026b6,Truth,قطر.. إشادة بقرار سحب منتجات دول الحصار من الأسواق
62c6ab0c54d40b3fabf95fcb6575646a,Lie,وأكد المدوِّنون، أنّ قطر فقدت كل مقوماتها لاستضافة كأس العالم، في ظل المقاطعة الخليجية والخسائر الاقتصادية التي تُمنى بها يوميًا، فضلًا عن المؤامرات والدسائس التي تسعى إليها وآخرها كانت دعوتها إلى تدويل الحرمين الشريفين
63a57f8c43ddefa4092c6eada4bb331f,Lie,طال فساد النظام القطرى الساحرة المستديرة، واختلطت أموال الإرهاب القطرية الملوثة بدماء ملايين الأبرياء بكرة القدم، فالوقائع متعددة وتكشف تسلل الدوحة لأحد أرقى الفنون الرياضية وبث سمومها فيها لتحقيق طموح سياسى مشبوه
63b3acea9778ae8cb6f9d7692f822e9e,Truth,جزءاً من تقريرجارسيا نفى أن تكون الإمارة الخليجية متورطة في اعطاء رشاوى للمسئولين
63e1edd89e91a7fe6c9fb59dfdda88b3,Truth,«نرفض إقامة كأس العالم في قطر»، إجابة موحدة اتفق عليها شولتس وميركل المرشحان الرئيسيان للانتخابات الألمانية.
63f6e4c2e6af50f2cbcaa4b4d4c645f6,Lie,أكد عدد من أعضاء مجلس النواب، أن قطر مولت عددا من المنظمات ووسائل الإعلام الأمريكية من أجل تحسين صورتها أمام العالم خلال الفترة المقبلة بعد فضح دعمها للإرهاب من أجل تدمير المنطقة العربية.
64ff260fb895468e9f1ddfbc23541c1d,Truth,أثبت #تقرير_جارسيا نزاهة ملف قطر وسلامته
652210cf11f0483474123ae7d5bb2a46,Lie,الكشف عن أدلة فساد جديدة فى ملف استضافة قطر مونديال 2022
652210cf11f0483474123ae7d5bb2a46,Lie,الكشف عن أدلة فساد جديدة فى ملف استضافة قطر مونديال 2022
65c55831ac3f9e15eafb1c7bdfe3c90e,Truth,الفيفا يعلن اتخاذ اجراءات قانونية ضد قرصنة شبكة بي أوت كيو
65dac86f1c37ff835d63d58344855cc4,Lie,انهارت بشكل واضح للعالم أجمع، الخدعة التي استخدمتها قطر خلال حملة الترشح لاستضافة مونديال 2022، عندما كانت الحملة القطرية تشدد على أن ست دول ستنال شرف تنظيم المونديال لأول مرة، حيث اعتمد ملفها بدرجة كبيرة على دعم دول الخليج للطلب القطري.
66522c31812b34b4b7feb3388154660e,Truth,بمناسبة مرور عام على حصار قطر، أنشأ مجموعة من الشباب المتطوعين موقعا إلكترونيا يوثق أحداث هذه الأزمة، التي بدأت فصولها مع الساعات الأولى للخامس من يونيو/حزيران 2017 إثر إعلان السعودية والإمارات والبحرين ومصر قطع علاقاتها مع قطر ومحاصرتها من البحر والجو والبر.
665f3ded8b9a46cef6ca7da6f66e84e1,Truth,الذوادي: قطر تسعى لأن يكون مونديال 2022 البطولة الأكثر شمولاً في تاريخ الأحداث الرياضية
66741f05eb8d89cb0ff5bb64da4d6112,Truth,"إن مستشار الديوان الملكي السعودي سعود القحطاني استخدم عن قصد ""تريندات"" تولدت بسبب البرمجيات الأتوماتيكية لقياس الرأي العام القطري"
6786406396c6b5c02a222dac8b4b6314,Lie,كأس العالـم فى قطــر .. «عار العالـم»! ضغوط دولية وحقوقية لمنع إقامة مونديال 2022 فى إمارة «دعم الإرهاب»
67c81cf06918ed5b27139241d8df7aba,Truth,قطر أكثر قوة وإعلام دول الحصار خسر المواجهة
68b8294eed29830d5976ada092fd87d7,Truth,أعلن الاتحاد الدولي لكرة القدم (فيفا)، اليوم الأحد، أن 10 دول تقدمت بطلب رسمي لزيادة عدد المنتخبات المشاركة في مونديال قطر 2022 إلى 48 منتخباً بدلاً من 32.
6939614a7616c3f0a11b1a0a76bb8d3f,Truth,قطر تروج لكأس العالم ٢٠٢٢ في روسيا
69e7c7327156901aa1d002a7766703c2,Lie,يراود الاتحاد الدولي لكرة القدم ” فيفا ” ، شكوك حول قدرة قطر على استضافة كأس العالم 2022، والذي سيتم بمشاركة 48 منتخبًا.
6a2d72fb0b38643b8ea3f72ecaa83c2d,Lie,وشهد الاقتصاد القطرى بعد مرور عام تقريبا على المقاطعة العربية، إقدام المقيمين وغير المقيمين على نقل ودائع مالية بقيمة 40 مليار دولار إلى الخارج
6be9d2d7bc896841dff98ca4fc9568dd,Lie,"ذكرت مجلة ""برونيدرا"" الإلكترونية الروسية، اليوم الجمعة، أن المشروع الذي أعلنت عنه دولة المملكة العربية السعودية في يوم 7 أبريل الماضي حول حفر قناة ""سلوى"" على الحدود مع قطر يمكن أن يتسبب في منع قطر من استضافة فعاليات كأس العالم 2022."
6c01bb031d7316e50c9de7bcbfe93060,Truth,في مقابلة مع beIN SPORTS أعرب عمدة مدينة كالينين غراد سيرغي فيكتروفيتش عن سعادته لإشراك قطر في التجربة الروسية بإستضافة المونديال من خلال اطلاعهم على مختلف الخطوات التنظيمية كما دعا الجانب القطري إلى مواصلة السير في نفس النهج لضمان نجاح الحدث.
6c879dcc7df3b6a82e850ada80828299,Truth,الأمينة العامة لـ”الفيفا”: شاهدت من الآن ما سيكون عليه مونديال قطر.. ولا أستطيع الانتظار
6c9389b32062ba2356d565019279ed71,Lie,قطر تُطبّع مع إسرائيل عبر كأس العالم
6c9b2dfb01583acb3fe510cd6061fc61,Lie,"كونغرس {فيفا} يستعد لإعادة التصويت على مونديال قطر 2022 بعد سيل الاتهامات بالفساد وتقديم رشى لأعضاء اللجنة التنفيذية لأجل الفوز بتنظيم البطولة
"
6d8a3a7b69921529b1fef95a25422361,Lie,قطر تواجه جدياً شبح سحب تنظيم مونديال 2022
6db257d96a2af6fd5f959be051bbafbc,Truth,"الدوحة قد تتبنى تجربة روسيا وتنفذ بطاقات ""هوية المشجع"" في قطر 2022"
6e5a74be2518436b77299c179c5e7868,Truth,سارعت قطر بعد وقت وجيز من اختراق وكالتها وبدء الحملة الإعلامية عليها إلى الإعلان عن قرصنة الوكالة ونفي التصريحات المنسوبة لأميرها، وطالبت وسائل الإعلام بتجاهل تلك التصريحات الملفقة
6ebe8e80b6fc979502ef8c500272fc4e,Lie,"مقاتلات قطرية تنتهك أجواء الإمارات.. و""تميم"" يستنجد بواشنطن"
6f204cc4fe15a5d5938fa3917a6793f1,Lie,كما أكد الموقع أن قطر تبدو أنها دفعت لصنع هذا المقال الأميركي الذي يروّج لاستضافة مونديال
700de72fe8050d97483b5cd2d73f0e36,Lie,في صفعة جديد لنظام الحمدين، كشفت وكالة “أسوشيتد برس” أنه من الممكن أن تشارك الدول المجاورة لقطر في استضافة مونديال 2022، وذلك في حال زيادة عدد المنتخبات المشاركة في البطولة.
70b6c59b9f403498c7b30b6d1835ab5e,Lie,"فى قطر فقط تصبح ""الخيانة كنزا لا يفنى"""
710e497ec48d83225e94ff5ecf797f8e,Lie,بي بي سي: سحب تنظيم مونديال 2022 من قطر
74b678f1e9af9bd087bc6844b320964f,Truth,يشارك وفد رسمي من اللجنة العليا للمشاريع والإرث في كأس العالم الجارية في روسيا وذلك بهدف اكتساب الخبرات قبل استضافة قطر النسخة المقبلة للبطولة في عام 2022.
75cf2055845f0d9b78c632732d4f5894,Lie,"وقال الأمير فيصل بن تركي أن قطر لن تستطيع استضافة بطولة كأس العالم 2022 قائلة فى تغريدة له عبر حسابه الرسمي بموقع ""تويتر"": ""هل تعلم أن نظام الفيفا لكرة القدم يمنع إقامة بطولات كاس العالم بدول وسط جزيرة بحرية.. وقل لقطر عليها السلام راحت عليها كاس العالم 2022"""
75e4216356b7e511713775b415a1519e,Lie,أن قطر تدعم الإرهاب وتنفق ملايين الدولارات من أجل تبييض وجهها، بعد ذلك أمام العالم، ولكن أصبح واضحا للجميع أن الدوحة هى قاطرة الإرهاب فى المنطقة العربية.
765e166b4071f4d014dd40db6448fb85,Lie,قطر لا يمكنها توفير إقامة لمشجعى ولاعبى كأس العالم 2022
769a349d542b40c9d71956e545767b03,Lie,لجأت حكومة الحمدين لاستقراض الأموال من أجل إنقاذ استضافة بلادها لكأس العالم.
76aa5ed611dc7f01e9c2783550608c1a,Truth,"النائب العام القطري: دول ""الحصار"" طلبت منا الانسحاب من تنظيم كأس العالم 2022"
7711168fea1da61e5ef26ae6993b2218,Lie,يعقوب السعدي: مونديال قطر أوله رشوة وأوسطه موت وأخره فضيحة
775264c49d11e6acb5178239ddce4399,Truth,المشاريع والإرث تنظم حملات ترويجية بميامي للتعريف بخطط قطر لاستضافة مونديال 2022
775f0c53a62e3911d009e1b14a56a992,Lie,قالت قناة الإخبارية السعودية (حكومية) إن دولة قطر مهددة بالحرمان من استضافة كأس العالم، المقرر إقامتها عام 2022 على أراضيها.
779f6bae22e7ff9a6c4ab072bb702c93,Truth,قال جابر الحرمي أنه يشفق على الشعب السعودي من السياسات التي تدار بها الأمور في المملكة.
78f8e13a7e928641958157e12ffed554,Truth,"""بي إن سبورت"" تحشد لمواجهة قرصنة حقوقها الحصرية"
791d20c4d2f77ebceb5b61b7cb3b112d,Lie,موعد كأس العالم 2022 في قطر.. مونديال قطر يُعطل الدوريات الأوروبية
7a641fa104e94cebb73fcffb38f180cc,Truth,"يذكر أن الصحف السعودية دأبت خلال الفترة الماضية على الترويج لإمكانية سحب كأس العالم 2022 من قطر، ووضع أسباب مختلفة لذلك، إلا أن ""الفيفا"" لم يتفاعل معها إطلاقا."
7aae174066f4e1975bfd198437a1cc1d,Lie,"دعوة بالبرلمان البريطاني: حاسبوا قطر على ""الفعلة السوداء"""
7b2434de3ee06beb6f051730a890c0b2,Lie,تقديم قطر شكاوى لا أساس لها ليس حلا لخروجها من الأزمة
7b6b97130649959b30e0be83c050d2d5,Lie,على الجانب الأخر تتنافس 3 دول كبرى وهم ألمانيا ،إسبانيا ،وأمريكا التى تعد المرشح الأبرز حالياً للحصول على حقوق تنظيم كأس العالم 2022، وذلك وفقاً للتقارير التى صدرت مؤخرًا عن لجنة شئون العلاقات العامة السعودية- الأمريكية.
7b92b56dc02f972f00fce8be54c9f048,Truth,"بي إن سبورتس القطرية تطالب الفيفا بحمايتها من""القرصنة السعودية"""
7c82512d2f1061ce2e1f0ec0afc88f83,Truth,"أحد الأهداف المعلنة للخطة ""خطة أعدّها بنك ""هافيلاند"" هو إجبار قطر على التخلي عن استضافة مونديال كأس العالم 2022."
7c87fdc5f887e96eb2ddfeffdf52e613,Truth,زيارة أمير قطر لأميركا أضافت أكثر من عنصر تعزيز إلى الموقف القطري، ومن ذلك إشارة الرئيس الأميركي شخصيا إلى أن انحيازاته السابقة إلى دول الحصار ليست قابلة للتكرار، حتى مع استمرار الضغط المعنوي الذي تمارسه السعودية والإمارات، وما تلقيانه من دعم إعلامي تقني مكثف من إسرائيل والقوى المؤيدة لها في حقل الإعلام
7df51a439ea6efcfba77b22d32776f63,Lie,بنك إسرائيلي يعرض تسهيلات لحضور مونديال قطر 2022
7e46a0ebeba1bc24191508921f3aec7a,Truth,"أعلن رئيس الاتحاد الدولي لكرة القدم ""جياني إنفانتينو"" موعد انطلاق النسخة المقبلة من بطولة كأس العالم والتي ستقام في قطر عام 2022."
7e79ec19bef3231756102df3963dd10b,Lie,قطر مهددة بفقدان تنظيم كأس العالم 2022
80066af755ebab6ef2e1f46da3a46012,Truth,أشاد آرون غونارسون قائد المنتخب الآيسلندي باستعدادات دولة قطر لاستضافة بطولة كأس العالم لكرة القدم 2022.
8056df7316f40d17a9a26b427dd73889,Truth,تمسكت قطر الأربعاء بحقها في استضافة نهائيات كأس العالم لكرة القدم 2022
8111e5f466b1e06df12f923aee3ffd48,Truth,"الفيفا ينفي تلقيه ""طلبا من دول عربية لسحب استضافة كأس العالم من قطر"""
8148ac7d3949c7447416b172d11d630b,Truth,موقع أنفو قار الفرنسي: السعودية اقترحت زيادة فرق مونديال 2022 لـ 48 لإحراج قطر
8194b8d870a31bdf4043abe46d41ea59,Truth,إن قطر تعتقد أن التحديات كبيرة جدا وليس هناك وقت لإضاعته في الاختلافات بين الدول العربية
819699f272cc42ee23f9dc275c693c5e,Lie,إيران هى المستفيد الأول من عام المقاطعة العربية للنظام القطرى الرافض لمطالب دول الرباعى العربى (مصر والسعودية والامارات والبحرين) التى حددها العام الماضى
81d6badc1a1ed4f801437d7fe531368f,Truth,القيادة القطرية ورغم الاتفاق عام 2014 مع السعودية والإمارات والبحرين أنشأت مخزونا غذائيا إستراتيجيا توقعا ليوم يستخدم فيه جيرانها الحظر لتحويلها إلى جزيرة معزولة
82038a97c1dd0b2f432e447ddbc92c88,Lie,الكويت مرشحة لاستضافة إحدى مجموعات كأس العالم 2022
824d7c1082413935769a8e7454c858c1,Lie,لأول مرة، محاولات قطر لاستهداف السعودية لأول مرة بالصوت والصورة وتآمرهم على المملكة وكيف يدرب ويجند النظام القطرى والدول الإقليمية عناصر الإخوان تحت غطاء حقوقى وإصلاحى من الشباب لتقسيم المملكة العربية السعودية.
8276548b637850c7833c2af3e86607b5,Truth,شاهد بالصور: قطر تروج لـ كأس العالم 2022 في روسيا
840c8d3e89f7a45e9edf4dac7f37ecb9,Truth,أقام البيت الثقافي القطري في برلين خيمة لمتابعة مباريات مونديال روسيا 2022 والترويج لبطولة كأس العالم القادمة في قطر.
8431a2ba694aca777e81ed1ab0aed105,Truth,بعد كأس العالم.. قطر تتطلع لاستضافة إحدى الدورات الأولمبية
848ab2dac3c9e395d55a0f0484c3ac25,Truth,قطر تنتهي من الاستعداد لاستضافة كأس العالم عام 2020
84b71a4afcea28784c03fb1f4b4b5168,Truth,"صرح وزير المالية القطري، علي شريف العمادي، بأن بلاده أنجزت 65% من مشاريع مونديال 2022، و""ما تبقى سينجز خلال سنتين أو ثلاث فقط""."
8515e2dde0d20ea4abe20bafc45f5236,Truth,مع فوز قطر بتنظيم كأس القارات لعام 2022 منذ أكثر من ثلاث سنوات، علت مطالبات للاتحاد الدولي لكرة القدم (الفيفا) بإعادة التصويت.
859722764e16d39c7037b78746138154,Truth,قطر تسحب أدوية دول الحصار من الصيدليات
866f520babe7e70690008e0035b4db5a,Lie,قطر مهددة بسحب استضافة كأس العالم في الصيف والبديل المحتمل إما إنكلترا أو أميركا
86b2a054ff25801a1f70cd6fbb670313,Truth,"قطر تنفي معلومات ""صنداي تايمز"" وتؤكد نزاهة ملف استضافة كأس العالم"
883bf4536f3e3e6d5ea327c638e7fa91,Truth,"رئيس ""الفيفا"": إمكانية مشاركة 48 منتخب في مونديال قطر 2022 تبحث قريبا"
88b1ca2a549d062e0be4d6f3264144fd,Truth,فورين بوليسي: قطر انتصرت على الحصار
88b1ca2a549d062e0be4d6f3264144fd,Truth,فورين بوليسي: قطر انتصرت على الحصار
88f0985b560d0a402a1c58d678f37594,Lie,المملكة حددت كلا من مطار الملك عبد العزيز في جدة ومطار الأمير محمد بن عبد العزيز في المدينة المنورة لاستقبال المواطنين القطريين القادمين على رحلات الشركة لأداء مناسك العمرة.
8904fee92b0ad287cc943d5c957af861,Lie,كشفت مصادر عربية النقاب عن أن قطر استوردت من «إسرائيل» رافعات وجرارات ودفعت ملياري دولار من أجل استخدامها في بناء الملاعب التي ستستضيف مونديال 2022. 
89a56ac80088eb66002bab83be9925eb,Lie,"أن قناة ""الجزيرة"" أصبحت اليوم ""أقذر"" من قناة المسيرة الحوثية في تناولها للملف اليمني، وفق قوله."
8a0e87b77f4b96bd762b3edfd63da896,Truth,فيفا: مونديال قطر 2022 بين نوفمبر وديسمبر
8a7f47ca660ab306ce7a4626039f3817,Truth,"قطر 2022.. فيفا يحدد رسميا مواعيد ""مونديال الشتاء"""
8b256cd67642e3f21ecb3512f04bf02d,Lie,فضائح قطر فى ملف مونديال 2022 تفوح فى لندن
8c11332dc3e12ad4e7f0e22efe5ca055,Lie,اليمن العربي: مونديال قطر.. كيف يدفع لاعبو ومشجعو كأس العالم ثمن جريمة الفيفا
8c16a6e805bd069a0aa5d2701c9fda0d,Lie,"واتهم بيدويا دولة قطر بعرض 15 مليون دولار كرشوة لتنظيم كأس العالم لكرة القدم 2022، أمام المحكمة في نيويورك، خلال الأسبوع الثالث من المساءلة القانونية لثلاثة مسؤولين كرويين، وفقا لصحيفة ""الغارديان""."
8c30d60ddfff24fd89ddf7a129972eac,Lie,سرايا بوست / «دموع في عيون وقحة».. كيف تهربت قطر من احتكار مباريات كأس العالم عربيا؟
8c77cdb857dcff563fd7550c34656c79,Lie,نظرًا لزخم التعاون غير المسبوق بين قطر وإسرائيل، اجتمع رئيس الوزراء الإسرائيلي بنيامين نتنياهو على هامش زيارته لفرنسا قبل عدة أسابيع مع تميم بن حمد لتأكيد استمرار الاتفاقيات المبرمة بين الجانبين.
8c8a34e3d111c6a2c383cfa10833c766,Lie,وذكر النائب عن حزب المحافظين أن الفساد أصبح يتضح أكثر فأكثر، على حد تعبيره.
8d26d2b055247e5a4a2b91ee0bddddb7,Lie,وقالت صحيفة «الجارديان» البريطانية في تقرير لها، الثلاثاء، أن احتمال استضافة قطر لكأس العالم 2022 بات مهدداً بقوة في ظل الأزمة السياسية لها مع جيرانها، والاتهامات بأنها الممول الرئيسى للمنظمات الإرهابية
8d830fa8ec61fe9c8dba33384d7cae2e,Lie,وأوضحت الصحيفة مؤكدة على معاناة العمال الأجانب تحت تعذيب «تنظيم الحمدين» موضّحةً أنه تم إغراء العمال المهاجرين من كينيا وغانا ونيبال والهند بالسفر للحصول على عمل في قطر لبناء ملاعب جديدة لكأس العالم 2022، ولكن لم يكن هناك شيء ساحر حول الوظيفة، لكنها على الرغم من الظروف السيئة، كان الأجر أفضل بكثير من أية وظيفة في بلدهم.
8eeda15ae87c7ec5abe68452aa3c037f,Truth,تجاوز منظمو كأس العالم في قطر الصدمة الاولية التي نجمت عن أزمة الخليج التي بدأت قبل عام ولا تزال مستمرة، ولكن محللين يحذرون من أنهم قد يواجهون أزمات أخرى وعقبات في طريقهم.
8ff7931a05f425d8f594b56d252146f6,Truth,كلف الاتحاد الدولي لكرة القدم المحامي الأمريكي مايكل جارسيا بالتحقيق حول ادعاءات الرشاوي في ملف قطر
9058fcb3ce55e56f7a32b98f5b71eb77,Lie,مفاجأة الـ48 تربك قطر.. هل بمقدورها استضافة مونديال 2022؟
90ba520c488be5e3e14f72137bc48e3c,Truth,اتهم إعلاميون قطريون وعاملون بقنوات الجزيرة القطرية وبي إن سبورتس المملكة العربية السعودية أنها وراء قنوات بي أوت كيو.
91320992d8eaf0c799af9f55f75ee184,Truth,منظمو مونديال قطر 2022 : لابد من اتخاذ إجراء ضد البث غير القانوني
9203b5ef496adcd54f93563db2fb4383,Truth,محمد صلاح: متحمسون للمشاركة في مونديال قطر 2022
928ce9c0010f60fde413943d6950cc87,Truth,فشل الحصار في المجالات كافة، إلا أنه نجح في حرمان مئات الآلاف من القطريين والمقيمين من أداء العمرة إلى بيت الله الحرام
931933ffcb502d0811e36f088ebf52d4,Truth,صنداي تايمز: الفيفا يتعرض للضغوط لفتح تحقيق في تنظيم قطر مونديال 2022
93b51bb194ac762620219c99a7c26e1e,Lie,قطر تواصل محاولة تحسين صورتها بإغراء زيدان بـ50 مليون يورو لتدريب منتخبها
93e7c8ee5bc711dd901a5b22ef9b261a,Lie,بعد الفضيحة السوداء.. بلاتر يوجه صفعة جديدة لمونديال قطر
94169df364626a3ffb9a1477b7ad7d1a,Truth,قبل الأزمة بأسابيع جندت دول الحصار شركات غربية للمساعدة في شن حملة دعائية لا هوادة فيها على وسائل التواصل الاجتماعي.
960e17890f1de8dc9c4d5e5d680a1324,Truth,"مونديال 2022 ""يتَمَسّك"" بقطر"
961173a9bdaadc5238d22ca6ef32ea2f,Truth,نفت وزارة الأوقاف والشؤون الإسلامية -في بيان لها- ادعاء عدم تمكين دولة قطر المواطنين والمقيمين فيها من الحج والعمرة، مؤكدة استمرار العراقيل والإجراءات التعسفية التي تفرضها المملكة على قاطني دولة قطر.
979ca82519fe3e0dca9907bb749612d4,Truth,مرتضى منصور: لن نشارك بكأس العالم لأندية اليد إذا أقيمت بقطر أو إسرائيل
97a8f742ec22de85b5550f3c4183971c,Truth,الفيفا يعلن رسميا مواعيد إنطلاق مونديال قطر 2022
97e7826d130fb4e5158c8a017593fa83,Lie,لنظام تميم بن حمد تاريخ طويل من القمع والاستبداد حيال المواطنين القطريين خاصة أبناء القبائل والعشائر العربية حيث جردت السلطات آلاف من أبناء تلك القبائل من جنسياتهم ردا على معارضتهم سياسات وممارسات الحكومة القطرية.
98a5dbd72500b599d038e8e2eeea745d,Truth,"استادات مونديال ""قطر 2022"" وأماكن إقامة العاملين بمشاريع كأس العالم تحافظ على معايير رعاية العمال"
98ca624fd9ebc38edb2fa45d3321a5a7,Lie,ضلوع الدوحة المباشر في رعاية وتمويل الإرهاب والتدخل في شؤون الدول العربية الشقيقة وتغذية الفكر المتطرف 
990675069fb91694d9768d132b430661,Lie,كشفت الدوحة رسمياً عن وجه جديد قبيح لها حين سعت للتأكيد على ترحيبها بوجود مشجعي كرة القدم الإسرائيليين في العاصمة القطرية، حال تأهل منتخبهم إلى نهائيات كأس العالم 2022 التي تستضيفها، حسبما ذكرت صحيفة «جيروزالم بوست» الإسرائيلية.
99660d280d0f5055f3fc8d1e02b6359b,Truth,وسط مقاطعة عربية.. تركيا تساند قطر استعدادا لبطولة كأس العالم 2022
99bd814de654395f5ceef70b4cdda14b,Truth,"كشف موقع ""إنترسبت"" الاستخباراتي الأمريكي، الخميس، عن وثائق ""جديدة وخطيرة"" حول سعي دولة الإمارات العربية لسحب تنظيم بطولة كأس العالم من قطر، المقررة استضافتها في عام 2022."
99cc8cb99339d682cce0e05e219bfa73,Lie,"الرباعى العربى يتصدى لإرهاب ""تميم"""
99e8069393b43e30904c260652c16281,Truth,سفير قطر بموسكو: هناك تهديدات تواجه كأس العالم عام 2022 في بلادنا
9a2808c0e019ed52fdc444839aa8736d,Truth,"قطر قد تتبنى تجربة روسيا في كأس العالم 2018، وتنفذ بطاقات ""هوية المشجع""."
9a4cb16407c2cfed4ec1f469b9893320,Lie,قبل 23 عامًا، من الآن، لعبت قطر دورا قذرًا فى تهديد أمن واستقرار الدول المجاورة، إما عسكريًا بدعم الدول الغربية فى غزو العراق أو أفغانستان تارة، ومن خلال قناة الجزيرة لتكون بوقا إعلاميا للأصوات الغربية والصهيونية والمعارضة لأنظمة الحكم المستقرة فى ذلك الوقت، تارة أخرى.
9cc28fe6b2f80ba13563d4205f5df00e,Truth,دول الحصار فشلت في حربها الاقتصادية على قطر
9d723f5d82df5d67d75d34256ad9e78d,Lie,"قطر تستفز الرباعى العربى وتعيين سفيرا ""فوق العادة"" فى إيران"
9e0dc32083aa23093676755e6d5e98ae,Truth,ستساهم البطولة في مد جسور التواصل ما بين منطقتنا والعالم، حيث ستوفر لزوار دولة قطر عام 2022 فرصة للتعرف على ثقافة المنطقة العريقة وكرم الضيافة لدى شعوبها في أجواء حماسية تجمع المشجعين والزوار على الشغف بكرة القدم
9e1c68da94d175dc27d2147b979945e9,Lie,إمارة قطر ـ الراعى الأول للإرهاب ـ بدأت تنصب شباكها جيدا حول الصومال وذلك للبحث عن موطئ قدم فى القارة السمراء لنشر التطرف والخراب فى تلك البقعة من العالم.
9eab26e24f97bd9a614f41d2305bafe4,Lie,"سحب تنظيم كأس العالم 2022 من قطر ""مسألة وقت"""
9fb1b5f7177a6f2869026b81a8e45520,Truth,أبدى إنفانتينيو رئيس الاتحاد الدولي لكرة القدم سعادته باستعدادات قطر لتنظيم كأس العالم 2022
9fbd2ac28d310ecb6385da52c137ee3e,Lie,"كشفت عدة مصادر على رأسها مجلة ""فوكس"" الالمانية اقتراب الاتحاد الدولي لكرة القدم FIFA سحبكأس العالم المقرر في عام 2022 من دولة قطر وإسناده إلى الولايات المتحدة الأميركية أو إلى إنجلترا ، على أن يتم اتخاذ القرار في غضون أشهر"
a016b92f1cb4a04502ff8a2eeba0527a,Lie,كارثة تنظيمية تهدد مونديال 2022 في قطر
a0df0bfd5e9a0aa230c718cbb68634a1,Lie,"مليارات ""تميم"" تجلب العار لنظام الحمدين"
a12c1a2e3c8bbafe5c5eef8ea6bc7537,Lie,"كشفت تحقيقات لخبراء مستقلين عن تفاصيل مثيرة بشأن مزاعم الاتحاد الدولي لكرة القدم وقناة ""بي. إن. سبورتس"" عن الترددات التي استخدمتها ""بي.أوت.كيو""، حسب ما أعلن بيان للمؤسسة العربية للاتصالات الفضائية ""عرب سات"""
a13cb84d4f05d0a5e71f45d332a50f87,Truth,أن حصار قطر الذي فرضه عليها جيرانها بالإضافة إلى مصر قطع خطوط إمدادها الرئيسية -البرية مع السعودية والبحرية مع دولة الإمارات- وأفقدها خطوطا جوية تساوي 20% من مقاعد تبيعها الخطوط الجوية القطرية التي هددت بمقاضاة هذه الدول.
a193ae745113942960e9e2f1f630e04c,Lie,"""مخاطر متزايدة"" تهدد استضافة قطر لكأس العالم 2022"
a1a4f6d651cfa1b14ec5ea7ec43882c2,Truth,مسؤول قطري: دول المقاطعة طلبت تخلي الدوحة عن كأس العالم لرفع الحصار
a254b165dd7dd94aab4f11e6d2fa94fb,Truth,افتتاح مجلس قطر في موسكو قبل أيام من انطلاق فعاليات استضافة قطر رسميا لمونديال 2022
a2c41ed70d344cf4866942a77bdd0eb4,Lie,6 دول عربية تطالب بسحب مونديال 2022 من قطر والفيفا ينفي
a3008c5b50a19798d8150a7ffb6b9654,Truth,ومن المشاكل التي تعترض استضافة قطر لكأس العالم 2022، عجز الخطوط القطرية عن عبور المجال الجوي لكافة الدول الداعية إلى محاربة الإرهاب، الأمر الذي يصعّب من تنقل مشجعي كرة القدم إلى الدولة الصغيرة.
a3bfd2db624ac117f5cf8e141652e0ce,Lie,لكن خلال خمس سنوات لاحقة، تكشفت أسرار رهيبة عن رشاوى دفعت لأعضاء الاتحاد الدولي ورؤساء اتحادات إقليمية ومحلية من أجل منح الدوحة استضافة المونديال.
a40a074780a7ef1935340922675fdc45,Truth,وأشار تقرير «ذا تايمز» إلى أن قطر لم تلغ أيّاً من المشروعات، بما فيها مشروعات كأس العالم 2022.
a4b4ab9870754b64019279528fd3a4cb,Lie,"تميم يغذى شعبه بالخضروات والفاكهة الإيرانية ""المسرطنة"""
a4ea22a4e2140cad8911934850cfebc0,Truth,يعكس تنوع أشكال الملاعب وأحجامها جانباً من الثقافة القطرية، وقد وُضع خلال تصميمها أولويات؛ منها: سهولة الوصول والراحة، والاستدامة، وإرث ما بعد البطولة، بحسب وكالة الأنباء القطرية (قنا).
a5dc86c7aeeb7251a7a6f41a745c1485,Lie,فكيف لدولة تستعد لاستقبال بطولة بهذا الحجم أن تنجح وألا تتسبب في إحداث سابقة رياضية بإفشال أهم بطولة لكرة القدم في العالم وماهي الضمانات الجدية للنجاح سوى بضعة ملاعب يمكن أن تجد أفضل منها في معظم دول العالم!
a663f6a568285801c7ff0c798b280d06,Truth,قطر تحذر من ارتفاع كلفة مشاريع البنى التحتية ضمن تحضيرات مونديال 2022
a678f924b5e26ea021ecd6c36adf36c6,Truth,اللجنة المحلية المنظمة قطر 2022 تعقد اجتماعها التنفيذي الأول
a70c00575219c551cd7f6014a2b33bc0,Lie,انتكاسة لجهود قطر سعيا للنفوذ بأمريكا بخسارة أهم داعميها
a713cd596a95d697bfe8690c106ea82f,Truth,"اعتبر رئيس فيفا جاني إنفانتينو أمس الاثنين أن الاقتراح برفع عدد المنتخبات المشاركة في كأس العالم 2022 من 32 إلى 48 ""مثير للاهتمام""، مؤكداً أن المضي به يرتبط بموافقة الدولة المضيفة قطر."
a7612508a087fd5b8d955d6546c0eb42,Lie,قنوات “beoutQ” تتحدى “beIN” وتنقل المونديال.. مجانا!
a7816629959a442b35b3d08a95034e41,Truth,أصدرت كل من الإمارات ومصر والبحرين بيانات تثمن الخطوات التي اتخذتها السعودية ضد القرصنة والبث غير القانوني الذي يتعارض مع الأنظمة والقوانين الدولية الخاصة بحقوق الملكية الفكرية.
a7dcb6aa41e11cf5b82262341cfb8ce3,Truth,مونديال 2022: ملعب الوكرة شاهد جديد على حسن سير الاستعدادات
a830ad55a36c7df1a400edc77f9a030f,Lie,قطر تعتذر عن المشاركة في البطولة العربية رسمياً .
a9d58cd77eac0e9d2c180bb449ee780f,Lie,"إرهاب ""تميم"" يضع مونديال 2022 فى مهب الريح"
aa50888ccf2af2c505210e66dfa02879,Lie,قطر تطلب ضباط شرطة أجانب لتأمين كأس العالم
abe2691715d4792153f8ac4d96ebcd98,Lie,كشفت مصادر خليجية أن الأمير القطرى يخشى من السفر كثيرا خارج البلاد خشية الانقلاب عليه.
ac2d36e0d1198b5b18c262fb0c53e2ce,Lie,إعلامي هولندي لـ”المواطن”: قطر حاولت التسلل من نافذة الرياضة وتحويل كأس العالم لسلاح سياسي مرفوض
acf213b1443839ddf4daa242481021ca,Lie,قنوات beout q ليست قنوات مستقله وتبث بشكل حصري حقوق ومباريات الدوريات العالمية، بل هو سيرفر له واجهه interface، يقوم بتوزيع البث عبر تقنية IPTV».
ad212d29f178b9ece34057fefe77d970,Lie,"تابع قرقاش: ""ينبغي ألا يكون تنظيم كأس العالم 2022 مشوها بدعم شخصيات متطرفة وعناصر إرهابية، ومراجعة قطر لسياساتها هي ضرورة""."
ad77525263b5cdaa0a80ef4ac73535ba,Lie,يواجه نظام الحمدين اتهامات دولية بدعم الارهاب، ويرفض المطالب الـ 13 للرباعى العربى والتى كانت قد حددت فى يونيو 2017 لاستعادة العلاقات الدبلوماسية
add878c21851010fb9182a482450d475,Lie,برلمانى ليبى: الهجوم على الهلال النفطى مخطط من مخابرات دولية تقوده قطر وتركيا
aeadee040cfb703e89c5ccc52fcd16cd,Lie,مصر تنظم مونديال ٢٠٢٢ بعد سحبها من قطر
b0ce620b2e690af573e666f93c4dc46c,Lie,الدوحة ترحب بمشجعي إسرائيل في مونديال 2022
b12033c6a93a43049a7eb705cbacd981,Truth,طالبت دول اتحاد أمريكا الجنوبية الكرة القدم (كونميبول) يوم الخميس 12 أبريل 2018 من الاتحاد الدولي لكرة القدم (فيفا) تسريع عملية الانتقال من 32 منتخبا إلى 48 بدءا من كأس العالم 2022 في قطر.
b1a3bd7e1e97a535a5a6af40a19fbe95,Lie,تداولت وسائل إعلام ومصادر بالمعارضة القطرية ونشطاء بمواقع التواصل الاجتماعى معلومات عن مخاوف تميم بن حمد ووالدته موزة بنت المسند من الانقلاب عليه، وهو ما أدى إلى استجلاب قوات الحرس الثورى الإيرانى والقوات التركية إلى العاصمة القطرية من اجل حماية تميم وأركان حكمه.
b1a846513d9110ff490935bac426d2ee,Lie,خوفا على سمعة المونديال.. ديلي ستار: بريطانيا تنظم كأس العالم 2022 بدلا من قطر
b1f9892d55e7ace1b59b3423a95c7e24,Lie,"بحسب قناة ""الإخبارية""، فإن قطر ستفقد خلال الفترة المقبلة أحد أهم ""الشروط الخاصة"" لاستضافة المونديال، وهو وجود منفذ بري واحد على الأقل في حدودها، والذي سيتم إلغاؤه عند تنفيذ مشروع قناة ""سلوى""."
b22cbddcff5e5a953c5597c0ae81e5ed,Lie,أن قطر خرقت التزاماتها الدولية بمكافحة الجريمة المنظمة والإهارب بإيواء عناصر جماعة الإخوان وتمويلهم والامتناع عن تسليمهم لمصر بعد تقديم طلبات رسمية بذلك.
b259590940dadf565159ee987252b908,Truth,الفيفا يصفع إحدى دول الحصار: مشاركة 48 منتخباً في مونديال 2022 يرتبط بموافقة قطر
b2b4e516f5e7a7d005c41c876581dc33,Lie,"قناة محتكرة وجريمة كاملة.. قصة تورط ""بي إن سبورت"" في مخالفات قطر وفضائح منتخبها"
b30fff5dac51d2e963fa3b272c33e73f,Truth,إن الشعب القطري أجهض -بذكاء وهدوء وثقة- محاولتين ساذجتين متواليتين لفرض قيادات بديلة على المشهد القطري، ظنا من المحاصرين أن أسلوب الاغتصاب المدعوم بعصابات المرتزقة السافرة يمكن أن يحقق شيئا ذا بال على حين غرة، وهو ما لم يحدث لحسن حظ.
b3691e8ff43951a1debe0ef2a69fdd18,Truth,صريح سُيفرح كل عربي إلا دول الحصار ويُصيبهم بالدّوار.. رئيس الفيفا: قطر ستنظم كأس عالم رائعة
b4a8f151756ea6e9d6a841811bd56f08,Lie,كشف العميد أحمد المسمارى، المتحدث باسم الجيش الليبى، تفاصيل دعم قطر وتركيا الجماعات الإرهابية فى ليبيا
b5b1984e6294aac18dfceea4235f4a49,Truth,ملاعب مونديال قطر ستجهز قبل موعدها بعامين
b5f72ba5fbb3393cf2b4791e9a898164,Lie,صحيفة بريطانية: دولة أسيوية تستضيف كأس العالم 2022 بدلا من قطر
b630256952a252ec2d500d940913adba,Lie,تقارير: الفيفا يقترب من سحب تنظيم مونديال 2022 من قطر
b63d8f1debb9eb08bbe09c2cc0f8c083,Truth,"قطر تدرس ""التجربة الروسية"" في التنظيم مونديال 2022"
b64c240ed758941c3856a303d10e9573,Lie,فتحت الكثير من ملفات الفساد والرشا القطرية التي سهلت مهمة الدوحة في الحصول على ما أرادت وما خططت له
b66c71a97481dbfadccdbfd798893948,Lie,قطر تتقرب إلى اللوبى الصهيونى بأمريكا للحصول على دعمه
b687c11c7f4fab7c7a7f604e70f4b9ff,Lie,وأكدت المنظمات المشاركة أن دولة قطر تمارس الفساد وطنيا ودوليا وعلى مختلف المستويات، خاصة أن فوزها بتنظيم بطولة كأس العالم لكرة القدم ٢٠٢٢ كان من خلال عمليات فساد أشرفت عليها دولة قطر.
b6aaa20d8aedb689e6a3d7b41da9d385,Lie,سموم الدوحة تحاصر المستطيل الأخضر
b6e013ea3262dfcaf33da8f566a24853,Truth,قطر تستخلص الدروس والتجارب من مونديال روسيا للاستفادة منه في مونديال 2022
b6fd30cef84fd8f0ffe65ef5cbf9167b,Truth,"أن التعدي على حقوق قنوات ""بي إن سبورت"" يأتي في ظل سلسلة الخطوات التي اتخذتها دول حصارِ قطر منذ اندلاع الأزمة الخليجية،"
b715272be6619c764bdaa2d453f7ebf6,Lie,"أنها بداية النهاية لأكبر تنظيم إرهابى بالشرق الأوسط وهو ""تنظيم الحمدين"" الحاكم فى قطر، بزعامة الأمير الحالى تميم بن حمد آل ثانى"
b7e60c1c2ab64abfba58a2184dbb68cd,Truth,الدوحة تستنفر قطاعاتها وتسخر إمكاناتها لاستضافة كأس العالم بعد خمسة أعوام
b7f8645a839d8641687f08ab8ff41e34,Truth,لكن الرياض أرادت على وجه الخصوص طرح الحاجة الملحة إلى ملاعب ومساحات إضافية لمونديال 2022، “مما يطرح احتمال تنظيم أنشطة أخرى خارج الدوحة، سيما في ظل تقليص إمكانية قبول المساعدة من الدول المجاورة المقاطعة لقطر”
b83379a7b7e225b7ccb016ab0ec71803,Truth,حظر العمرة.. الحصار يمنع القطريين من بيت الله
b8efc652522a7a54dd40fc7e9a4b66d7,Lie,تحاول دويلة قطر أن تنال أهمية على خريطة الكرة الأرضية، باللعب على عشق الملايين لكرة القدم حول العالم إلا أن الفضائح، والرشاوى، وعدم قدرتها على تنفيذ منشآت رياضية بمواصفات عالمية دون التجاوز فى حق العمال فيما عرف بقية السخرة، فضلا عن تاريخ انقلاب حكام قطر على بعضهم، ما يهدد بالإطاحة بتميم فى أى وقت، ودعم الدوحة للجماعات الإرهابية، وكلها عوامل قد تعصف بتنظيم الدوحة لكأس العالم المقبل فى 2022.
b98f651a5f67f56532c7358632960ab5,Lie,نجح بذلك الديكتاتور العثمانى رجب طيب أردوغان، فى احتلال الإمارة، لحماية أميرها تميم بن حمد آل ثانى من أى محاولات انقلاب ضده بسبب سياسته الداعمة للإرهاب والتطرف فى المنطقة
bad2b55640730abb02c949c6fa7b965f,Truth,قطر تخفّض ميزانية كأس العالم 2022 بنسبة 40% على الأقل
bb5df6bbbfab3995045571b981cdaf3c,Lie,كونغرس {فيفا} يستعد لإعادة التصويت على مونديال قطر 2022
bb8846c3305c067d891247b27eb27532,Lie,نبوءة تهدد إقامة كأس العالم 2022 في قطر
bbd6b094d88f441e794e39291543fe91,Truth,يستجوب محقق تابع للاتحاد الدولي لكرة القدم (الفيفا) مسؤولين قطريين الأربعاء بخصوص اتهامات مثارة حول مدى قانونية منح قطر حق استضافة بطولة كأس العالم 2022.
bbe9ade56152b667ca1732ccc47a2edf,Lie,مع تصاعد فضائح قطر.. دولة أخرى تتأهب لاستضافة مونديال 2022
bcd2f0b9a4b1c02d2f7ba57746ffc13f,Lie,طهران تمن على الدوحة بسبب مساندتها لها ضد الدول العربية
bce5af53bb6f997521eb0b1309ac0ee9,Lie,صحيفة: عرض قطري لاستضافة الكويت مجموعات من كأس العالم 2022
bceaa178f45fd6d4b8366ca00bb9d7e9,Truth,صحيفة إسرائيلية متناغمة مع الإمارات.. تحرض «الفيفا» على سحب مونديال 2022 من قطر
bd4dfdfc7dabf7aaa29663303aa7b90f,Truth,الفيفا تعلن رسميا تعديل موعد مونديال قطر 2022 .. يبدأ فى نوفمبر بدلا من يونيو
bdf889c550ef04c46c29a4c84f9bfb19,Truth,مصدر بالفيفا: كأس العالم لن يسحب من قطر
be89dc932e565ed0bf6071831e925b5f,Truth,إنفانتينو يتراجع عن تطبيق مشاركة 48 منتخباً في كأس العالم في قطر
bec8e83251a1978ea665fd6be9e4989d,Truth,نقلت هيا الوليد آل ثاني الطالبة بجامعة جورج تاون بالدوحة القول إن الحصار وحّد البلاد والمواطنين والمقيمين والطلاب، مضيفة أنه حتى إذا انتهى الحصار فإنهم لن يزوروا دولَه لسنوات، لأن القطريين فقدوا الثقة بها.
c0620cc905ad0eeed062cab4fa721773,Lie,مصر في كأس العالم.. الأولى قبل التليفزيون والثانية شاهدها الجميع والثالثة تحتكرها قطر
c0abf4c52c54db37ebd99a283868e92a,Truth,أشارت إلى أن تناول هذا الموضوع بالبحث والتحليل المستفيض نظراً لما يشكله من أهمية محورية تنال من مقدرات الشعوب والدول، وكذلك تنبع أهمية الدراسة الحالية لقلة الدراسات البحثية التي تناولت أثر الرياضة سياسياً في دولة قطر، وما يرتبط بدولة قطر من تنظيمها لكأس العالم 2022، وتأثير ذلك على وضعها الإقليمي والدولي وخروجها بذلك من القُطرية إلى الأممية.
c15845ccb23a22c639596d9157c9d17f,Truth,"وهناك اسئلة تطرح ايضا عن قدرة الدوحة استضافة 1,5 مليون مشجع عام 2022، وهذا قبل اضافة 16 فريقا."
c1f1d26afd0cf666cd73ccbdba8beb1a,Truth,يذكر أن قطر فازت بشرف تنظيم مونديال 2022، في ديسمبر/كانون الأول 2010، لتكون أول كأس عالم لكرة القدم للكبار تقام في دولة عربية.
c3c4871c066eac499b53fa0a6834390c,Lie,قطر تستعين بجزيرة إيرانية لتنظيم كأس العالم 2022
c3d2421de76ee34c0bec0f8ce7e9f997,Lie,قررت الدول الأربع الداعية لمحاربة الإرهاب والتطرف الممول من قطر، (مصر والسعودية والإمارات والبحرين)، رفع ملف قضية المجال الجوى السيادى للدول العربية الأربع مع قطر والمنظورة داخل منظمة الطيران المدنى الدولى (إيكاو) إلى محكمة العدل الدولية
c65cbf2817af92cf1691581fb1b1469f,Truth,"""ويمبلدون"" تتهم السعودية بالقرصنة وتطالب بإغلاق قناة beoutQ"
c7c441d9a690934a4a7f56bcf83a4d6e,Truth,قطر تقترب من إكمال إحدى كبرى محطات الطاقة بالخليج
c7fe73af54a9b2468586f47ad556ebda,Truth,"أعلنت مجموعة ""بي إن"" الإعلامية القطرية، الثلاثاء أنها لم تتمكن من التوصل إلى اتفاق مع السعودية بشأن عرض مباريات كأس العالم، وذلك قبل تسعة أيام على انطلاق المباراة الافتتاحية للبطولة بين السعودية وروسيا."
c8127dd2b3c4ef6021fd184297b68998,Truth,منذ أن فازت قطر بتنظيم كأس العالم 2022 وهي تشهد ثورة من الإنشاءات، فالحكومة القطرية بدأت في تطوير البنى التحتية الرياضية بإنشاء ملاعب جديدة أو تطوير القديمة، وستكتمل الصورة تماماً مع قرب انطلاق المونديال العربي الأول.
c8375e86ce34679c37fe33e14dd09e95,Truth,انتُقدت الحكومة القطرية كثيراً بسبب ظروف المعيشة والعمل السيئة التي يعيشها العاملين في مشروعات كاس العالم، ولم تدخر منظمة العفو الدولية أي جهد في تحسين هذه الظروف.
c9478904de450dd68b090415616ca632,Lie,مونديال 2022.. مليون دولار مقابل التصويت لصالح قطر
c9c6281fcdb9449c8e4a395377728fd1,Truth,"""ميل أونلاين"": قطر مستعدة لاستضافة كأس العالم 2022"
ca331f717002096fad48c8af3bd281ca,Truth,تؤكد اللجنة الوطنية لحقوق الإنسان في قطر أن ما يجري في ملف العمرة يعد عقابا جماعيا للشعب القطري من قبل السعودية التي ليس لها أي حق -وفقا للمواثيق الدولية- في حرمان أي مسلم من أداء شعائره الدينية.
ca4109f459fe19f6a6f5715146a6b73a,Lie,السعودية تنفي القرصنة على بث مباريات كأس العالم من قطر
ca4109f459fe19f6a6f5715146a6b73a,Lie,السعودية تنفى القرصنة على بث مباريات كأس العالم من قطر
ca6cf1048821f3825c7b16208e8a688e,Truth,"""الفيفا"" يشيد باستعدادات قطر لمونديال 2022"
cb2b640305c0588bc9d9407945898405,Truth,وبعيدا عن اتهامات الفساد والرشى أثيرت حالة من الجدل حول «تقرير مخاطر» الذي يفيد بأن هناك «خطرا سياسيا متزايدا من احتمال عدم قدرة قطر على استضافة نهائيات كأس العالم عام 2022».
cbecee7f0966324aaa429f798553ac42,Lie,أوضح الموقع الأميركي أن كاتب المقال كان ينبغي عليه أن يبرز بناء الملاعب بواسطة أشخاص يعاملون كـ«العبيد»
cc5d7457aae853702437f7dce0aaa26b,Truth,"وقال التقرير، إن ""هناك استراتيجية متبعة لزعزعة الاستقرار حول موضوع تنظيم قطر لـ""مونديال 2022"""
cc7dc66bfa6d33ecfaafab064d443012,Truth,الرئيس الروسي يسلم أمير قطر شارة تنظيم مونديال
cdee07d0d90f971e39bb4d646dd043a7,Lie,النكبات تلاحق قطر × 365 يوم..المقاطعة العربية تدفع الدوحة لبيع أصولها بالخارج..أداء البورصة القطرية الأسوأ عالميا..خسائر بالجملة فى السياحة والطيران والرياضة والإنشاءات.. وارتفاع تكلفة المواد الغذائية المستوردة
ce94506225b14826e4867273f566cf85,Lie,إن قطر تصر على شن حرب إعلامية على أشقائها العرب من خلال ذراعها قناة الجزيرة التى تنتهج التزييف والفبركة ونشر الشائعات وعرض أكاذيب لا أساس لها من الصحة.
cfea6e1b39cbd597c6908f1d594736c1,Lie,تكلفة مونديال قطر «جنونية» والشركات مهددة بالخسائر
cffba5dd8de0459f33dc6caa4d47b55c,Truth,beoutQ هو جهاز استقبال بث فضائي، يقوم بنقل وبث جميع القنوات الرياضية، بالإضافة إلي قنوات الأقمار الصناعية مثل “عرب سات” و”نايل سات”، ويتم شراؤه بسعر رمزي
cfffa0a54b6a046e0b95388086c0c75f,Truth,مصطفى بكرى: المقاطعة العربية لقطر مستمرة طالما حكامها مستمرين فى موقفهم التآمرى
d0ec611d229ae943cf62605408dbffed,Lie,استضافة المشجعين في 2022.. معضلة في وجه قطر الصغيرة
d0f55b21d0ac07c6e18335a73c6b665e,Truth,علاقتنا بجمهورية الصومال الشقيقة علاقة أخوة واحترام متبادل، ومباحثاتي مع أخي فخامة الرئيس محمد عبدالله فرماجو أعادت التأكيد على هذه المعاني وتركزت على سبل تعزيز التعاون المشترك بين بلدينا. ستواصل قطر دعم وحدة الصومال واستقرارها وسيادتها ورفاه شعبها.
d18baced038408b042af51799f235560,Lie,سلطان بن سحيم: السلطة القطرية تورط شعبنا من أجل إيران
d1ad8e71e70f49e8d2b9b0745faccf35,Lie,جاء قرار قطع العلاقات مع قطر، ليهدد الحلم القطري باستضافة مونديال 2022. خاصة في ظل اعتمادها على الحدود البرية السعودية في استيراد غالبية متطلبات البناء الضخمة التي يحتاجها المشروع.
d1edcd9245fbf293dd5efdc15ed9f10d,Truth,«صفر كربون» وملاعب صديقة للبيئة قطر 2022: كأس العالم في كرة القدم
d2062af20ca57d3019830a412f1aeece,Truth,"إعلام دول الحصار يروّج لـ""سحب"" مونديال 2022 من قطر"
d216a4f6c89ac9123925f89f9467b7f1,Truth,أعلنت قطر عن إطلاق سلسلة من الفعاليات والأنشطة، بالعاصمة الروسية موسكو، للترويج للمونديال الذي من المنتظر أن تستضيفه في 2022
d216a4f6c89ac9123925f89f9467b7f1,Truth,أعلنت قطر عن إطلاق سلسلة من الفعاليات والأنشطة، بالعاصمة الروسية موسكو، للترويج للمونديال الذي من المنتظر أن تستضيفه في 2022
d27a2c053db10a1e5a6c107055ddfd08,Lie,"وبيّن خلفان مقصده بأن ""قطر تختلق أزمة وتدعي أن عليها حصارا، حتى تتخلص من أعباء بناء الإنشاءات الرياضية المكلفة وينقل المونديال ولذلك افتعلت هي الأزمة الحالية،."
d2c7deb86a691f6f0d3b01e00b677e5f,Lie,تشهد الدوحة موجات غلاء متتالية وارتفاع حاد فى الأسعار فى كل القطاعات، مع مواصلة نقص المنتجات الغذائية الرئيسية، مما حول فرحة القطريين بالعيد إلى جحيم
d3144ff4e59a70077e9169be5d95be8d,Lie,مونديال 2022 أكبر من قطـر
d3228091b46d95d2865415347324f734,Lie,بعد تهم الفساد.. مطالبات بسحب كأس العالم 2022 من قطر
d4da959c9be03e9497401f706ebdf980,Lie,يخشى الاتحاد الدولى لكرة القدم من عزوف الشركات الكبرى والرعاة الإعلانيين الرسميين عن المشاركة فى البطولة المرتقبة نظراً لتنظيمها فى دولة منبوذة وتعانى عزلة إقليمية ودولية، بما يجعل النسخة 2022 الأسوأ تنظيماً والأقل من حيث العوائد المادية.
d5040cb0855bc55b746dd1e19dc37463,Lie,أن لحكومة الدوحة وجهات غربية دوراً في فرض الحوثي على هذه القوى السياسية التي لم تكن الثوابت الوطنية من أولوياتها، ولهذا دفعت الثمن ولم تدرك خطأها إلا بعد (خراب مالطا)، ولا يزال الكثير من قياداتها وأفرادها يكابرون ولا يعترفون بالذنب الذي اقترفوه
d5da1783fc1ec2e52d8cc5322d194035,Truth,"روَّج بعض الإعلاميين السعوديين والإماراتيين والمصريين، على نطاق واسع، لانطلاق قناة ""PBS SPORT""، وقالوا إنها ستُنهي ما سمُّوه ""احتكار"" شبكة قنوات ""بي إن سبورت"" للبطولات العالمية، اعتباراً من الموسم الرياضي الجديد (2017-2018)."
d5ea9262710ec41dd127325ba946c845,Truth,قطر تقاضي الإمارات أمام العدل الدولية
d60bfdf47fdedd563e3e1ec2aafe112a,Lie,أن الدوحة تواصل بث رسائل تعكس جديتها في الانسلاخ من محيطها الخليجى والعربى، والارتماء فى أحضان ملالى طهران
d69dc138888e45a38b7465747a16bcfd,Lie,"توقع الخبير القانوني البحريني بدر الحمادي أن يؤثر مشروع حفر قناة سلوى (شرق السعودية) في قطر أمنيًا واقتصاديًا، بالإضافة إلى تأثيره المرتقب في استضافة ""نهائيات كأس العالم ٢٠٢٢""، كونها ستتحول إلى ""جزيرة"" وستفتقد الحدود البرية مع دولة أخرى."
d6d0a5cd5152c29075c0853e17be1134,Lie,زاد التوسع الإيرانى فى الأسواق القطرية من أجل السيطرة على أهم قطاعات الاقتصاد القطرى والتى يأتى على رأسها قطاع الغاز والنفط، والاتصالات والنقل والصناعات الغذائية.
d7121cc61a7b8a27ba9fe964e0a17b94,Truth,مونديال 2022.. الفيفا لن يبحث في مؤتمره رفع عدد المنتخبات إلى 48 في قطر
d814fb2128110b49b125d3b251425d30,Truth,رغم الحصار... معظم ملاعب مونديال قطر ستكون جاهزة بحلول 2019
d8de503bd7bc66bf8e3424bfbd113c2a,Lie,"برنامج ""المؤامرة"" يكشف تآمر قطر على السعودية من خلال 345 مادة موثقة"
d946c3d7e477d25fbb480d045edef6fa,Lie,مسؤول إنجليزي: مونديال 2022 سينتقل من الدوحة إلى لندن
daab95d4c5f36cb3123c2701df603edf,Truth,"أشارت صحيفة لوموند الفرنسية إلى أن سفير قطر لدى روسيا فهد بن محمد العطية كان قد أكد في يناير/كانون الثاني الماضي أن بلاده تعتزم الحصول على منظومة ""أس 400"" التي تعتبر الأنجح في العالم، وأن المفاوضات مع الكرملين لشراء المنظومة وصلت إلى مراحل متقدمة."
db6356e21490d7e9cb7ddc62577653cd,Truth,قطر تروج لمونديال 2022 وسط موسكو
dcd75ac7ff7dc842fa8099bfbca1d0e5,Truth,مشاريع مونديال قطر 2022 تسير وفق المخطط بدون أي تأخير
dd5cde53af40d7c0cb49e7d0666de433,Lie,لقي عدة آلاف من العمال المهاجرين من الهند ونيبال حتفهم في قطر منذ أن فازت بحق تنظيم كأس العالم لكرة القدم لعام 2022 بطريقة مثيرة للجدل
ddd53a3d5294cdeebacd1a657a362b1b,Lie,مظاهرات في سويسرا تطالب بقطع علاقاتها مع قطر وسحب مونديال 2022
de0988f30488d216ca91dd50156436ce,Lie,يستعد الاتحاد القطري لكرة القدم لزيارة جزيرة كيش الإيرانية للوقوف عليها من أجل استضافة المنتخبات المشاركة في مونديال كأس العالم 2022 وإقامة بعض المباريات على ملاعبها.
de4afdd18d01488900a79c6ac177d1fc,Lie,وكيل دفاع البرلمان: تميم دفع 300 مليون دولار رشاوى لفوز قطر بمونديال 2022
de68bb4146b9fd255e7afb60fb80c37d,Lie,تقارير: أنجلترا قد تكون البديل لقطر فى استضافة كأس العالم 2022
df5ada8a10a5bf05819b299d1f1dcf6d,Truth,قالت بي أوت كيو إنها مستمرة في نقل المباريات، كما طالبت بي إن سبورتس بالتوقف عن إقحام السياسة في الرياضة.
df98f03f917965eff39b0436540b086b,Truth,"ذكر موقع ""info guerre"" الفرنسي، أن اقتراح مشروع زيادة عدد المنتخبات المشاركة في مونديال 2022، من 32 إلى 48 منتخبا، يهدد استضافة قطر لبطولة كأس العالم لكرة القدم.

"
e007ec2baaa0e7c265620519c8a01331,Lie,الحكومة القطرية تبدو وحيدة، ومعزولة، وتدرك أن شعبها ليس راضياً عن تصرفات حكومته بالتدخل في شؤون الدول الأخرى، وبالتأكيد ليس سعيداً أن يرى أبواب أربع دول، يعتبرها أهم دول له، مغلقة في وجهه.
e00baaa49e1c1d896ca78c8485279eb5,Truth,مجسمات ملاعب مونديال 2022 تجذب الانتباه
e01f1410bec02f00ea3dfbd657f88877,Truth,ذكرت صحيفة تشاينا ديلي (China Daily) الصينية أن شركة صينية تقوم ببناء أحد ملاعب كأس العالم ٢٠٢٢ في قطر من الحاويات وهذه هي المرة الأولى التي يتم فيها تبني مفهوم البناء المتطور في ملعب رياضي كبير.
e05e8560015c5117b29ab68f6a641641,Lie,جنيف.. تدشين حملة دولية تطالب بسحب بطولة كأس العالم من قطر ومقاضاتها
e0617e0940a1f2917182bcafc9907ede,Lie,لايزال النظام القطرى يواصل تعنته وسلوكه العبثى أمام بلدان الرباعى العربى (مصر والسعودية والبحرين والإمارات)
e06a55e2053f63e7a14dbebfb4a0d22f,Lie,أنور قرقاش: وفود صحفية مدفوعة الأجر للمشاركة باحتفالات قطر بعام على العزلة
e182682bc3bf12554e899256a2fd829d,Truth,وأكدت اللجنة التنفيذية التابعة للفيفا في بيان لها أن نهائيات كأس العالم 2022 في قطر ستقام في الفترة من 21 نوفمبر/تشرين الثاني وحتى 18 ديسمبر/كانون الأول.
e26418bc7fab917b15b5d7d646e9c5dd,Lie,مجلة روسية: «سلوى» تقتل حلم قطر في استضافة مونديال 2022
e2670b30a1fef59ff0c08c3dc1fcf267,Lie,"قطر تلطخ كأس العالم بدم الفلسطينيين.. سر تعاون ""بي إن سبورت"" مع شركة إسرائيلية"
e34f28b75b0bbe3dbf91e5c424a627ca,Lie,«ميرور»: كأس العالم 2022 بين بريطانيا والولايات المتحدة
e3c2551797c703cb52d02e4e9114a322,Lie,"قطر "" المزنوقة"" بسبب مساحتها لجأت إلى إيران، لتساعدها في بعض مهام الاستضافة لبطولة كأس العالم وفق ""ذا إيكونوميست"" البريطانية."
e4a0920fcb2ff9126f04bea9ee51bcdf,Lie,يواجه كأس العالم 2022 خطراً حقيقاً في ظل العجز المالي الكبير الذي تواجهه قطر بعد مقاطعة الدول العربية الأربع لها
e4d908299b763821f5ba7b3ed863efad,Truth,قال العطية -في كلمته خلال قمة الأمن الآسيوي المنعقدة في سنغافورة- إن الإنتاج القطري من الغذاء والدواء ازداد أضعافا مضاعفة بعد مرور سنة كاملة على الحصار.
e5688f8a24a83d0ce032b1784bf8d020,Lie,تعاني قطر بسبب الحظر المفروض عليها في مجال التجارة والسفر من توقف حتى المشاريع الصغيرة بسبب الصعوبة في إيجاد الموارد التي تحتاج إليها.
e5a2426c595e2b06669b14eebb216883,Truth,قد أصبح واضحا أن دول الحصار لا تزال عازمة على الاستمرار في سياسة الحصار من أجل الحصار، دون أن تحقق مكاسب إيجابية من ورائه، ودون أن يمثل الحصار نفسه عاملا من عوامل الضغط القادرة على تغيير السياسات أو التوجهات.
e6adbb01d01b600ea5f23d1d878203bd,Lie,حكومة الدوحة مسلوبة التوفيق وبمجرد إنهاء عضويتها في التحالف أصبحت قناة الجزيرة أسوأ من قناة المسيرة الحوثية، وصار الديوان الأميري القطري حوثياً أكثر من المكتب السياسي للحوثيين، ومنذ قرار المقاطعة سقط آخر قناع لتنظيم الحمدين، ومارسوا علناً كل وسائل الدعم للحوثي إعلامياً وسياسياً ومالياً
e6d3802362854f7624dd476913f56c03,Lie,شاهدٌ يتهم قطر رسمياً بشراء أصوات لتنظيم كأس العالم
e7ced70568e6c51df7993dd880ff16cd,Truth,بدأ الحصار وسط مزاعم تدور حول دعم قطر للإرهاب، ومنذ بداية الأزمة اكتشفت دول الحصار أنها يجب عليها إقناع العالم بصحة هذه الاتهامات، كما ألحت قطر على هذه الدول بتقديم ما يثبت هذه الادعاءات، فلم تقدم هذه الدول ما يثبت مزاعمها ولم يقتنع العالم بادعاءاتها.
e86a7c1dbe08a3e99b1a12ee04c9cec2,Truth,انفانتينو : مونديال 2022 سيقام بقطر وندعو لتضافر دول الخليج لإنجاحه
e9e723ed9f50d76fd5661e4013c0c901,Lie,وثيقة أميركية: تميم اشترى دعم اللوبي الصهيوني في أميركا لمونديال 2022
eae78fb47d9002e72b3b81139be797d9,Truth,"شبكة ""بي إن"" القطرية تطلب من الفيفا التحرك لوقف قرصنة بثها في السعودية"
eceb52f1f37d988a400ec2fc31694083,Truth,رسميا.. الفيفا يعلن مونديال قطر في شتاء 2022
ed1d599dd2067f7b95c8ca03d2dd4cb3,Truth,"من خلال كرة القدم.. قطر تحقق ""الاستدامة"" بخلق جيل صديق للبيئة"
eda1364f675d51a2549be582d5fbeef3,Lie,نشرة الرابعة .. إعلام قطر وقادتها في خدمة صواريخ الحوثيين
eebcabf8754d4b3d98ebdee1397971f1,Lie,إسرائيل الراعى الرسمى والمشجع الحصرى لمونديال قطر
ef213899b2899f072f1d92f0bd915ed6,Lie,لا يفوت النظام القطرى فرصة لإشعال منطقة الشرق الأوسط وشمال أفريقيا إلا وتحرك نحوها لزعزعة أمن واستقرار الدول
ef5c585054e3dec54a66d518170d91ad,Lie,"""فيفا"" يبدأ إجراءات سحب كأس العالم من قطر"
ef741a44ecf024a3c6cbe044e30d982d,Lie,إستاد قطري علي شكل «فرج أنثى» يثير الجدل
efbfc74fff2e7887dba900ce3ec926b9,Truth,فعاليات قطر ٢٠٢٢ في منتزه غوركي في موسكو تجذب آلاف الجماهير
f1dca70a8beb388b1906bfa52b49c879,Lie,خبير قانوني: قناة سلوى ستحرم قطر من استضافة كأس العالم 2022
f28b1187c1692434cc64096ce601f355,Truth,الأوقاف القطرية: العمرة والحج لا يزالان تحت الحصار
f2ef74dd547d4d1378cac76d6280bc31,Lie,تشير الإجراءات القطرية وسلوك الأمير تميم بن حمد، إلى أن الدوحة لا تريد فى الوقت الحالى أن تتخذ أية قرارات تخفف من وطأة الأزمة مع جيرانها الخليجيين والعرب، وتزيد من عزلة شعبها وتبعده أكثر فأكثر عن ثقافته الخليجية والعربية.
f4624d1a11e23a18b5a9ba773dbf7614,Truth,"نقلت وكالة ""رويترز"" عن موقع ""ذا لوكال"" تصريحات لجياني انفانتينو رئيس الاتحاد الدولي لكرة القدم، قال فيها إن 6 دول عربية تقدمت بطلب لسحب استضافة مونديال بطولة كأس العالم 2022 من قطر"
f48543ea43720f5b6d7bc851b2eaf631,Truth,رئيس غرفة قطر: نمو كبير للصناعات الغذائية بسنة الحصار
f491acfc9c6570b72e2aa1e92c393d8b,Truth,أشارت وزارة الأوقاف والشؤون الإسلامية إلى أنه تم تسجيل حالات عديدة حاولت التوجه للعمرة في الفترة الماضية وتمّ منعها.
f49f6cb74e7401ee4436db9a84ae45c7,Lie,"بداية النهاية لحقبة ""بي إن سبورت"""
f59b02dde51d72f6065f3a5dca85f8fd,Lie,أن قطر تواصل تحريضها المستمر من أجل تدمير المنطقة العربية، ولكن تحركات نظام الحمدين لن تنجح وسيكون مصيرها الفشل.
f5e4cee446408f25cdd88cd4081de491,Lie,3 أزمات تهدد إقامة مونديال 2022 فى قطر.. تعرف عليها
f66d3c7afb9b7c111eaf6d8c2faf2e43,Truth,"قال رئيس غرفة قطر ""انتصرت دولة قطر على الحصار وأصبح الآن وراء ظهورنا، وبكل تأكيد خرجت قطر أقوى اقتصاديا وفتحت مجالات تعاون وشراكات اقتصادية جديدة""."
f69ab554f2fd781bca12310d65a70204,Truth, أن السلطات السعودية اتخذت مجموعة من الإجراءات التعسفية بحق القطريين الذين كانوا في مكة لتأدية العمرة أثناء شهر رمضان الماضي، حيث طالبتهم بمغادرة الأراضي السعودية، ومنعت طائرات الخطوط الجوية القطرية من الهبوط في مطارات السعودية، وأجبرت المعتمرين القطريين على إلغاء حجوزاتهم في الفنادق التي كانوا فيها.
f6daf33fefe4dc9adeb15cf62e970a40,Lie,يواصل اقتصاد الدوحة النزيف وسط خسائر مالية واستثمارية متتالية مما يبشر بعام جديد من الصعوبات التى تكبدها اقتصاد البلاد منذ يونيو الماضى
f6e3c982d835fcb26c297b711e95af15,Lie,وتعامل الدوحة مع أزمتها في العام الذي مضى محيّر ومتناقض، فهو مكابر ومستجدي، ورافع شعار السيادة ومستسلم، يتعامل مع الأزمة ليحمي إرث سياسي ورّطه وعزله بدلا من أَن يسعى بكل واقعية إلى تفكيك أزمته.
f6f58b586b6c6715dcfeae70282b4432,Lie,تقرير دولي: قطر تعامل العاملين في المنشآت الرياضية كالعبيد
f7803b03757322d0985e6db478118f96,Lie,لماذا ترفض ألمانيا استضافة قطر مونديال كأس العالم 2022؟
f7bd25edc980e6b30c1da57e72d051ba,Lie,حمد قدم رشوة لرئيسى اتحادى كرة الأرجنتين وتايلاند 3.6 مليون إسترلينى وصفقات غاز لبانكوك
f825ab9eb571fbbbb0ee7b4c651a3f5d,Truth,واشنطن بوست: قطر لن تمنع الشذوذ الجنسى فى كأس العالم 2022
f870395c421e5bb2e43fe968701ac56f,Lie,تركي آل الشيخ يعود ليكشف حقده: سأستمتع بكأس العالم 2022 إذا استضافته إنجلترا أو أمريكا!
f8c6e4b73e52bd15c0eac48072f399f4,Lie,أن قطر تدعم الإرهاب ضد المنطقة العربية بالكامل وتحتمى بمخابرات دول أجنبية، ولكن دعمها للإرهاب أصبح مفضوحا للجميع، مطالبا بضرورة تحرك الرباعى العربى بشكل أكبر خلال الفترة المقبلة، لتحجيم دورها الداعم للإرهاب.
f919c3466d04c1b64c75b0beb11a9d77,Lie,إن قناة الجزيرة تلعب دورا كبيرا فى تأجيج الأزمة بين الحكومة القطرية والمملكة العربية السعودية، وهذا يؤكد فشل الحكومة القطرية فى إدارة الأزمات.
f948d2578cebbd94b032ab45cc10bc3f,Truth,تناقلت العديد من وسائل الإعلام تغريدة خلفان باعتبارها اعتراف إماراتي بأنهم افتعلوا الأزمة مع قطر، لسحب مونديال 2022 منها.
f9bfba61afde274ded8d94cd36cfc936,Lie,أكد الأمير فيصل بن تركي أن قطر لن تستطيع استضافة بطولة كأس العالم 2022.
faa9dc38a41487bdb0624bdab25bf82f,Truth,قائد منتخب آيسلندا يشيد باستعدادات قطر لاستضافة كأس العالم 2022
fb2814cdd8a8bf10ea3c5ed18b33dfd6,Truth,فايننشال تايمز: قطر تشق طريقها خارج الحصار
fc16d65bd218b2e1784957f000d09200,Truth,خبراء: سحب مونديال 2022 من قطر صعب.. ولكنه وارد
fc65992b8739f110d9b864dcacf75511,Truth,"نددت قطر بما أسمته""الغيرة المحضة"" للإمارات التي تحاول برأيها استغلال الأزمة لسحب المونديال منها وتشويه صورتها."
fcfd228bd3777d4fcf7f37ef50f30c0c,Lie,"لم تقف ""القلاقل"" القطرية عند هذا الحد بل تمت الاستعانة بشبان يعشقون رياضة الريغبي في أستراليا، وطُلب منهم أن يرفعوا شعارات تدعو السلطات إلى التركيز على رياضة البلاد الأكثر شعبية عوضا عن الاهتمام بكرة القدم."
fd530d33f5bccf3d4437d739785396cc,Lie,يعانى الاقتصاد القطرى بقوة من آثار المقاطعة الاقتصادية والسياسية للإمارة الصغيرة، بل وفشلت كل محاولات الدوحة لإنقاذ الوضع الراهن حتى وصلت خسائرها لأرقام قياسية.
fde843b4c6063db48fa68bfbdaae0e55,Truth,الانتهاء من ملاعب التدريب بمونديال قطر 2022 أواخر العام المقبل
fe9cfb602d1348df0e7c32dbcc00b860,Truth,"""بي إن سبورت"" لـ""فيفا"": أوقفوا القرصنة السعودية لقنواتنا"
feab8526ae75211ceabaf61fd3c7de0b,Truth,"دعت اتحادات التنس العالمية الخميس إلى إغلاق قناة (بي أوت كيو- beoutQ) التلفزيونية التي تتخذ من السعودية مقرا لها، وذكرت أنها ""تبث بشكل غير قانوني محتوى للتنس في الشرق الأوسط وشمال إفريقيا بلا وجه حق""."
ffd981c3ac74700651f0fdbe53d363d6,Truth,حذرت دراسة حكومية قطرية من التأخر في إنجاز مشاريع البنى التحتية أو زيادة في كلفتها المقدرة بنحو 200 مليار دولار، العديد منها تدخل ضمن تحضيرات استضافة كأس العالم لكرة القدم 2022.